[
{
    "model": "contenttypes.contenttype",
    "pk": 1,
    "fields": {
        "app_label": "admin",
        "model": "logentry"
    }
},
{
    "model": "contenttypes.contenttype",
    "pk": 2,
    "fields": {
        "app_label": "registration",
        "model": "registrationprofile"
    }
},
{
    "model": "contenttypes.contenttype",
    "pk": 3,
    "fields": {
        "app_label": "auth",
        "model": "permission"
    }
},
{
    "model": "contenttypes.contenttype",
    "pk": 4,
    "fields": {
        "app_label": "auth",
        "model": "group"
    }
},
{
    "model": "contenttypes.contenttype",
    "pk": 5,
    "fields": {
        "app_label": "auth",
        "model": "user"
    }
},
{
    "model": "contenttypes.contenttype",
    "pk": 6,
    "fields": {
        "app_label": "contenttypes",
        "model": "contenttype"
    }
},
{
    "model": "contenttypes.contenttype",
    "pk": 7,
    "fields": {
        "app_label": "sessions",
        "model": "session"
    }
},
{
    "model": "contenttypes.contenttype",
    "pk": 8,
    "fields": {
        "app_label": "sites",
        "model": "site"
    }
},
{
    "model": "contenttypes.contenttype",
    "pk": 9,
    "fields": {
        "app_label": "reviews",
        "model": "review"
    }
},
{
    "model": "contenttypes.contenttype",
    "pk": 10,
    "fields": {
        "app_label": "reviews",
        "model": "employee"
    }
},
{
    "model": "contenttypes.contenttype",
    "pk": 11,
    "fields": {
        "app_label": "reviews",
        "model": "vote"
    }
},
{
    "model": "sessions.session",
    "pk": "anupvsyj0xgqd5gluuw47ow7x53l7aii",
    "fields": {
        "session_data": "NGZmYzdmNTE2ZThhZmNlYTk1MDlkZTg1NmQzN2ZmMzk3NWI4ZGNmNzp7Il9hdXRoX3VzZXJfaGFzaCI6IjVmYWUzOGEzZmI4MmVkYjUwMzFlN2ZiMGZkMjg4YzAzNzJjOWI2ZDQiLCJfYXV0aF91c2VyX2JhY2tlbmQiOiJkamFuZ28uY29udHJpYi5hdXRoLmJhY2tlbmRzLk1vZGVsQmFja2VuZCIsIl9hdXRoX3VzZXJfaWQiOiIxIn0=",
        "expire_date": "2016-07-03T05:15:53.431Z"
    }
},
{
    "model": "sites.site",
    "pk": 1,
    "fields": {
        "domain": "example.com",
        "name": "example.com"
    }
},
{
    "model": "reviews.employee",
    "pk": 1,
    "fields": {
        "first_name": "daffy",
        "last_name": "duck",
        "email": "dduck@deloitte.com",
        "level": "M",
        "office": "atlanta",
        "timestamp": "2016-06-19T05:22:00.691Z"
    }
},
{
    "model": "reviews.employee",
    "pk": 2,
    "fields": {
        "first_name": "donald",
        "last_name": "duck",
        "email": "donald@deloitte.com",
        "level": "PPD",
        "office": "boston",
        "timestamp": "2016-06-19T05:22:14.344Z"
    }
},
{
    "model": "reviews.employee",
    "pk": 3,
    "fields": {
        "first_name": "amy",
        "last_name": "fiern",
        "email": "amy@deloitte.com",
        "level": "PPD",
        "office": "miami",
        "timestamp": "2016-06-19T05:22:25.523Z"
    }
},
{
    "model": "reviews.employee",
    "pk": 4,
    "fields": {
        "first_name": "walid",
        "last_name": "bazzi",
        "email": "wba@deloitte.com",
        "level": "SM",
        "office": "mclean",
        "timestamp": "2016-06-19T05:22:37.712Z"
    }
},
{
    "model": "reviews.employee",
    "pk": 5,
    "fields": {
        "first_name": "john",
        "last_name": "norkus",
        "email": "norkus@deloitte.com",
        "level": "M",
        "office": "chicago",
        "timestamp": "2016-06-19T05:22:48.870Z"
    }
},
{
    "model": "reviews.employee",
    "pk": 6,
    "fields": {
        "first_name": "scooby",
        "last_name": "doo",
        "email": "dooscoo@deloitte.com",
        "level": "SM",
        "office": "San francisco",
        "timestamp": "2016-06-19T05:23:10.329Z"
    }
},
{
    "model": "reviews.employee",
    "pk": 7,
    "fields": {
        "first_name": "holly",
        "last_name": "king",
        "email": "fjlasdjf@del.com",
        "level": "SM",
        "office": "atlanta",
        "timestamp": "2016-06-19T18:35:32.858Z"
    }
},
{
    "model": "reviews.employee",
    "pk": 8,
    "fields": {
        "first_name": "steve",
        "last_name": "jobs",
        "email": "sjobs@del.com",
        "level": "PPD",
        "office": "SF",
        "timestamp": "2016-06-24T19:37:58.883Z"
    }
},
{
    "model": "auth.permission",
    "pk": 1,
    "fields": {
        "name": "Can add log entry",
        "content_type": 1,
        "codename": "add_logentry"
    }
},
{
    "model": "auth.permission",
    "pk": 2,
    "fields": {
        "name": "Can change log entry",
        "content_type": 1,
        "codename": "change_logentry"
    }
},
{
    "model": "auth.permission",
    "pk": 3,
    "fields": {
        "name": "Can delete log entry",
        "content_type": 1,
        "codename": "delete_logentry"
    }
},
{
    "model": "auth.permission",
    "pk": 4,
    "fields": {
        "name": "Can add registration profile",
        "content_type": 2,
        "codename": "add_registrationprofile"
    }
},
{
    "model": "auth.permission",
    "pk": 5,
    "fields": {
        "name": "Can change registration profile",
        "content_type": 2,
        "codename": "change_registrationprofile"
    }
},
{
    "model": "auth.permission",
    "pk": 6,
    "fields": {
        "name": "Can delete registration profile",
        "content_type": 2,
        "codename": "delete_registrationprofile"
    }
},
{
    "model": "auth.permission",
    "pk": 7,
    "fields": {
        "name": "Can add permission",
        "content_type": 3,
        "codename": "add_permission"
    }
},
{
    "model": "auth.permission",
    "pk": 8,
    "fields": {
        "name": "Can change permission",
        "content_type": 3,
        "codename": "change_permission"
    }
},
{
    "model": "auth.permission",
    "pk": 9,
    "fields": {
        "name": "Can delete permission",
        "content_type": 3,
        "codename": "delete_permission"
    }
},
{
    "model": "auth.permission",
    "pk": 10,
    "fields": {
        "name": "Can add group",
        "content_type": 4,
        "codename": "add_group"
    }
},
{
    "model": "auth.permission",
    "pk": 11,
    "fields": {
        "name": "Can change group",
        "content_type": 4,
        "codename": "change_group"
    }
},
{
    "model": "auth.permission",
    "pk": 12,
    "fields": {
        "name": "Can delete group",
        "content_type": 4,
        "codename": "delete_group"
    }
},
{
    "model": "auth.permission",
    "pk": 13,
    "fields": {
        "name": "Can add user",
        "content_type": 5,
        "codename": "add_user"
    }
},
{
    "model": "auth.permission",
    "pk": 14,
    "fields": {
        "name": "Can change user",
        "content_type": 5,
        "codename": "change_user"
    }
},
{
    "model": "auth.permission",
    "pk": 15,
    "fields": {
        "name": "Can delete user",
        "content_type": 5,
        "codename": "delete_user"
    }
},
{
    "model": "auth.permission",
    "pk": 16,
    "fields": {
        "name": "Can add content type",
        "content_type": 6,
        "codename": "add_contenttype"
    }
},
{
    "model": "auth.permission",
    "pk": 17,
    "fields": {
        "name": "Can change content type",
        "content_type": 6,
        "codename": "change_contenttype"
    }
},
{
    "model": "auth.permission",
    "pk": 18,
    "fields": {
        "name": "Can delete content type",
        "content_type": 6,
        "codename": "delete_contenttype"
    }
},
{
    "model": "auth.permission",
    "pk": 19,
    "fields": {
        "name": "Can add session",
        "content_type": 7,
        "codename": "add_session"
    }
},
{
    "model": "auth.permission",
    "pk": 20,
    "fields": {
        "name": "Can change session",
        "content_type": 7,
        "codename": "change_session"
    }
},
{
    "model": "auth.permission",
    "pk": 21,
    "fields": {
        "name": "Can delete session",
        "content_type": 7,
        "codename": "delete_session"
    }
},
{
    "model": "auth.permission",
    "pk": 22,
    "fields": {
        "name": "Can add site",
        "content_type": 8,
        "codename": "add_site"
    }
},
{
    "model": "auth.permission",
    "pk": 23,
    "fields": {
        "name": "Can change site",
        "content_type": 8,
        "codename": "change_site"
    }
},
{
    "model": "auth.permission",
    "pk": 24,
    "fields": {
        "name": "Can delete site",
        "content_type": 8,
        "codename": "delete_site"
    }
},
{
    "model": "auth.permission",
    "pk": 25,
    "fields": {
        "name": "Can add review",
        "content_type": 9,
        "codename": "add_review"
    }
},
{
    "model": "auth.permission",
    "pk": 26,
    "fields": {
        "name": "Can change review",
        "content_type": 9,
        "codename": "change_review"
    }
},
{
    "model": "auth.permission",
    "pk": 27,
    "fields": {
        "name": "Can delete review",
        "content_type": 9,
        "codename": "delete_review"
    }
},
{
    "model": "auth.permission",
    "pk": 28,
    "fields": {
        "name": "Can add employee",
        "content_type": 10,
        "codename": "add_employee"
    }
},
{
    "model": "auth.permission",
    "pk": 29,
    "fields": {
        "name": "Can change employee",
        "content_type": 10,
        "codename": "change_employee"
    }
},
{
    "model": "auth.permission",
    "pk": 30,
    "fields": {
        "name": "Can delete employee",
        "content_type": 10,
        "codename": "delete_employee"
    }
},
{
    "model": "auth.permission",
    "pk": 31,
    "fields": {
        "name": "Can add vote",
        "content_type": 11,
        "codename": "add_vote"
    }
},
{
    "model": "auth.permission",
    "pk": 32,
    "fields": {
        "name": "Can change vote",
        "content_type": 11,
        "codename": "change_vote"
    }
},
{
    "model": "auth.permission",
    "pk": 33,
    "fields": {
        "name": "Can delete vote",
        "content_type": 11,
        "codename": "delete_vote"
    }
},
{
    "model": "auth.user",
    "pk": 1,
    "fields": {
        "password": "pbkdf2_sha256$24000$9RxIyc47LbjW$OThqSeRgfhxU08d1ZFA3CfLk02RAr5zOQqp3ZNd3IIw=",
        "last_login": "2016-06-19T05:15:53.428Z",
        "is_superuser": true,
        "username": "junaid",
        "first_name": "",
        "last_name": "",
        "email": "junaidq1@gmail.com",
        "is_staff": true,
        "is_active": true,
        "date_joined": "2016-06-19T05:15:26.093Z",
        "groups": [],
        "user_permissions": []
    }
},
{
    "model": "auth.user",
    "pk": 2,
    "fields": {
        "password": "pbkdf2_sha256$24000$jbzWmYb9npZD$TWLAogPpxO4H3b9HJeoXXII7gaRtayJMRW82qALXbow=",
        "last_login": null,
        "is_superuser": false,
        "username": "abc",
        "first_name": "",
        "last_name": "",
        "email": "acb@gmail.com",
        "is_staff": false,
        "is_active": true,
        "date_joined": "2016-06-19T05:17:24Z",
        "groups": [],
        "user_permissions": []
    }
},
{
    "model": "auth.user",
    "pk": 3,
    "fields": {
        "password": "pbkdf2_sha256$24000$Ugo9DgC4cefi$oVce/j5lIvJLXHSHzxDOcXpvlAQa+2gAdwQmh+858GY=",
        "last_login": null,
        "is_superuser": false,
        "username": "sup",
        "first_name": "",
        "last_name": "",
        "email": "cxvzxcm@gmail.com",
        "is_staff": false,
        "is_active": false,
        "date_joined": "2016-06-19T05:18:16.170Z",
        "groups": [],
        "user_permissions": []
    }
},
{
    "model": "auth.user",
    "pk": 4,
    "fields": {
        "password": "pbkdf2_sha256$24000$iXKrsYGzIVeW$q5WjIVG8bKqD1N+36jI9gJUsxf98gTEJ4UgQA9Gp8zk=",
        "last_login": null,
        "is_superuser": false,
        "username": "john",
        "first_name": "",
        "last_name": "",
        "email": "john@gmail.com",
        "is_staff": false,
        "is_active": false,
        "date_joined": "2016-06-19T05:18:39.174Z",
        "groups": [],
        "user_permissions": []
    }
},
{
    "model": "auth.user",
    "pk": 5,
    "fields": {
        "password": "pbkdf2_sha256$24000$msuVIZTqFw4z$LjvPCl8NQMieurBWA6b/CNut/tU5kXR9VM2VDtt4pFk=",
        "last_login": null,
        "is_superuser": false,
        "username": "cat",
        "first_name": "",
        "last_name": "",
        "email": "cat@gmail.com",
        "is_staff": false,
        "is_active": false,
        "date_joined": "2016-06-19T05:20:07.472Z",
        "groups": [],
        "user_permissions": []
    }
},
{
    "model": "reviews.review",
    "pk": 1,
    "fields": {
        "user": 2,
        "employee": 2,
        "content": "donald duck is the best ever - i love him",
        "upvotes": 5,
        "downvotes": null,
        "timestamp": "2016-06-19T05:24:04.424Z",
        "work_again": "Y"
    }
},
{
    "model": "reviews.review",
    "pk": 2,
    "fields": {
        "user": 4,
        "employee": 3,
        "content": "you know... Amy is alright, I like her",
        "upvotes": 3,
        "downvotes": null,
        "timestamp": "2016-06-19T05:24:28.132Z",
        "work_again": "Y"
    }
},
{
    "model": "reviews.review",
    "pk": 3,
    "fields": {
        "user": 1,
        "employee": 6,
        "content": "scooby doo was probably the work dog ive worked with. He should not be at the firm - period! Get lassie next time",
        "upvotes": 3,
        "downvotes": null,
        "timestamp": "2016-06-19T05:25:11.870Z",
        "work_again": "N"
    }
},
{
    "model": "reviews.review",
    "pk": 4,
    "fields": {
        "user": 1,
        "employee": 4,
        "content": "really enjoyed working with this dude - he was fun - i like!",
        "upvotes": 9,
        "downvotes": null,
        "timestamp": "2016-06-19T05:41:30.791Z",
        "work_again": "Y"
    }
},
{
    "model": "reviews.review",
    "pk": 5,
    "fields": {
        "user": 1,
        "employee": 3,
        "content": "not nice at all!",
        "upvotes": 3,
        "downvotes": null,
        "timestamp": "2016-06-19T05:42:07.194Z",
        "work_again": "Y"
    }
},
{
    "model": "reviews.review",
    "pk": 6,
    "fields": {
        "user": 5,
        "employee": 2,
        "content": "donald is a piece of shit - dont like at all",
        "upvotes": 1,
        "downvotes": null,
        "timestamp": "2016-06-19T05:42:38.189Z",
        "work_again": "N"
    }
},
{
    "model": "reviews.review",
    "pk": 8,
    "fields": {
        "user": 5,
        "employee": 5,
        "content": "cats like the norkus",
        "upvotes": null,
        "downvotes": null,
        "timestamp": "2016-06-19T05:49:14.083Z",
        "work_again": "Y"
    }
},
{
    "model": "reviews.review",
    "pk": 9,
    "fields": {
        "user": 1,
        "employee": 1,
        "content": "i really dislike daffy",
        "upvotes": null,
        "downvotes": null,
        "timestamp": "2016-06-19T05:58:30.661Z",
        "work_again": "N"
    }
},
{
    "model": "reviews.review",
    "pk": 10,
    "fields": {
        "user": 4,
        "employee": 1,
        "content": "daffy is ok",
        "upvotes": null,
        "downvotes": null,
        "timestamp": "2016-06-19T22:41:58.231Z",
        "work_again": "Y"
    }
},
{
    "model": "reviews.review",
    "pk": 11,
    "fields": {
        "user": 3,
        "employee": 1,
        "content": "daffy was a phenominal duck",
        "upvotes": null,
        "downvotes": null,
        "timestamp": "2016-06-19T22:42:17.863Z",
        "work_again": "Y"
    }
},
{
    "model": "reviews.review",
    "pk": 12,
    "fields": {
        "user": 4,
        "employee": 2,
        "content": "i just never liked donald - he was wierd",
        "upvotes": null,
        "downvotes": null,
        "timestamp": "2016-06-19T23:11:02.590Z",
        "work_again": "Y"
    }
},
{
    "model": "reviews.review",
    "pk": 13,
    "fields": {
        "user": 1,
        "employee": 2,
        "content": "donald is a clown",
        "upvotes": null,
        "downvotes": null,
        "timestamp": "2016-06-19T23:11:28.300Z",
        "work_again": "Y"
    }
},
{
    "model": "reviews.review",
    "pk": 14,
    "fields": {
        "user": 3,
        "employee": 2,
        "content": "wow - donald is a freak!",
        "upvotes": null,
        "downvotes": null,
        "timestamp": "2016-06-19T23:14:08.916Z",
        "work_again": "N"
    }
},
{
    "model": "reviews.review",
    "pk": 15,
    "fields": {
        "user": 1,
        "employee": 5,
        "content": "john isn't a bad guy at all, I like him",
        "upvotes": null,
        "downvotes": null,
        "timestamp": "2016-06-20T01:15:56.647Z",
        "work_again": "Y"
    }
},
{
    "model": "reviews.review",
    "pk": 16,
    "fields": {
        "user": 1,
        "employee": 7,
        "content": "holly is a new employee - she is cool",
        "upvotes": null,
        "downvotes": null,
        "timestamp": "2016-06-20T01:17:39.061Z",
        "work_again": "Y"
    }
},
{
    "model": "reviews.review",
    "pk": 17,
    "fields": {
        "user": 1,
        "employee": 8,
        "content": "man, i dont know if I like this character",
        "upvotes": null,
        "downvotes": null,
        "timestamp": "2016-06-24T19:39:03.665Z",
        "work_again": "N"
    }
},
{
    "model": "reviews.vote",
    "pk": 4,
    "fields": {
        "review": 9,
        "employee": 1,
        "user": 2,
        "upvotes": true,
        "downvotes": null
    }
},
{
    "model": "reviews.vote",
    "pk": 5,
    "fields": {
        "review": 8,
        "employee": 5,
        "user": 2,
        "upvotes": true,
        "downvotes": null
    }
},
{
    "model": "reviews.vote",
    "pk": 9,
    "fields": {
        "review": 1,
        "employee": 2,
        "user": 1,
        "upvotes": true,
        "downvotes": null
    }
},
{
    "model": "reviews.vote",
    "pk": 10,
    "fields": {
        "review": 6,
        "employee": 2,
        "user": 1,
        "upvotes": null,
        "downvotes": null
    }
},
{
    "model": "reviews.vote",
    "pk": 11,
    "fields": {
        "review": 6,
        "employee": 2,
        "user": 2,
        "upvotes": true,
        "downvotes": null
    }
},
{
    "model": "reviews.vote",
    "pk": 12,
    "fields": {
        "review": 6,
        "employee": 2,
        "user": 5,
        "upvotes": true,
        "downvotes": null
    }
},
{
    "model": "reviews.vote",
    "pk": 13,
    "fields": {
        "review": 3,
        "employee": 6,
        "user": 1,
        "upvotes": true,
        "downvotes": null
    }
},
{
    "model": "reviews.vote",
    "pk": 14,
    "fields": {
        "review": 1,
        "employee": 2,
        "user": 2,
        "upvotes": true,
        "downvotes": null
    }
},
{
    "model": "reviews.vote",
    "pk": 15,
    "fields": {
        "review": 1,
        "employee": 2,
        "user": 4,
        "upvotes": true,
        "downvotes": null
    }
},
{
    "model": "reviews.vote",
    "pk": 16,
    "fields": {
        "review": 1,
        "employee": 2,
        "user": 3,
        "upvotes": true,
        "downvotes": null
    }
},
{
    "model": "reviews.vote",
    "pk": 17,
    "fields": {
        "review": 12,
        "employee": 2,
        "user": 1,
        "upvotes": true,
        "downvotes": null
    }
},
{
    "model": "reviews.vote",
    "pk": 18,
    "fields": {
        "review": 9,
        "employee": 1,
        "user": 1,
        "upvotes": true,
        "downvotes": null
    }
},
{
    "model": "reviews.vote",
    "pk": 19,
    "fields": {
        "review": 9,
        "employee": 1,
        "user": 5,
        "upvotes": true,
        "downvotes": null
    }
},
{
    "model": "reviews.vote",
    "pk": 20,
    "fields": {
        "review": 5,
        "employee": 3,
        "user": 1,
        "upvotes": true,
        "downvotes": null
    }
},
{
    "model": "reviews.vote",
    "pk": 21,
    "fields": {
        "review": 2,
        "employee": 3,
        "user": 1,
        "upvotes": true,
        "downvotes": null
    }
},
{
    "model": "reviews.vote",
    "pk": 22,
    "fields": {
        "review": 16,
        "employee": 7,
        "user": 1,
        "upvotes": true,
        "downvotes": null
    }
},
{
    "model": "reviews.vote",
    "pk": 23,
    "fields": {
        "review": 10,
        "employee": 1,
        "user": 1,
        "upvotes": true,
        "downvotes": null
    }
},
{
    "model": "reviews.vote",
    "pk": 24,
    "fields": {
        "review": 17,
        "employee": 8,
        "user": 1,
        "upvotes": true,
        "downvotes": null
    }
},
{
    "model": "registration.registrationprofile",
    "pk": 1,
    "fields": {
        "user": 3,
        "activation_key": "2d211577925d7c6d7d3df4053dc65cfcb298cbc7",
        "activated": true
    }
},
{
    "model": "registration.registrationprofile",
    "pk": 2,
    "fields": {
        "user": 4,
        "activation_key": "deeb3e65cba636c5bc61d4af2048ffff796878b3",
        "activated": true
    }
},
{
    "model": "registration.registrationprofile",
    "pk": 3,
    "fields": {
        "user": 5,
        "activation_key": "457fb3d751d88f26c0a0b8f1a6ac7a71681ae37a",
        "activated": true
    }
},
{
    "model": "admin.logentry",
    "pk": 1,
    "fields": {
        "action_time": "2016-06-19T05:17:24.664Z",
        "user": 1,
        "content_type": 5,
        "object_id": "2",
        "object_repr": "abc",
        "action_flag": 1,
        "change_message": "Added."
    }
},
{
    "model": "admin.logentry",
    "pk": 2,
    "fields": {
        "action_time": "2016-06-19T05:19:18.938Z",
        "user": 1,
        "content_type": 2,
        "object_id": "1",
        "object_repr": "Registration information for sup",
        "action_flag": 2,
        "change_message": "Changed activated."
    }
},
{
    "model": "admin.logentry",
    "pk": 3,
    "fields": {
        "action_time": "2016-06-19T05:19:26.841Z",
        "user": 1,
        "content_type": 2,
        "object_id": "2",
        "object_repr": "Registration information for john",
        "action_flag": 2,
        "change_message": "Changed activated."
    }
},
{
    "model": "admin.logentry",
    "pk": 4,
    "fields": {
        "action_time": "2016-06-19T05:20:20.136Z",
        "user": 1,
        "content_type": 2,
        "object_id": "3",
        "object_repr": "Registration information for cat",
        "action_flag": 2,
        "change_message": "Changed activated."
    }
},
{
    "model": "admin.logentry",
    "pk": 5,
    "fields": {
        "action_time": "2016-06-19T05:20:41.961Z",
        "user": 1,
        "content_type": 5,
        "object_id": "2",
        "object_repr": "abc",
        "action_flag": 2,
        "change_message": "Changed email."
    }
},
{
    "model": "admin.logentry",
    "pk": 6,
    "fields": {
        "action_time": "2016-06-19T05:22:00.691Z",
        "user": 1,
        "content_type": 10,
        "object_id": "1",
        "object_repr": "duck, daffy",
        "action_flag": 1,
        "change_message": "Added."
    }
},
{
    "model": "admin.logentry",
    "pk": 7,
    "fields": {
        "action_time": "2016-06-19T05:22:14.345Z",
        "user": 1,
        "content_type": 10,
        "object_id": "2",
        "object_repr": "duck, donald",
        "action_flag": 1,
        "change_message": "Added."
    }
},
{
    "model": "admin.logentry",
    "pk": 8,
    "fields": {
        "action_time": "2016-06-19T05:22:25.524Z",
        "user": 1,
        "content_type": 10,
        "object_id": "3",
        "object_repr": "fiern, amy",
        "action_flag": 1,
        "change_message": "Added."
    }
},
{
    "model": "admin.logentry",
    "pk": 9,
    "fields": {
        "action_time": "2016-06-19T05:22:37.712Z",
        "user": 1,
        "content_type": 10,
        "object_id": "4",
        "object_repr": "bazzi, walid",
        "action_flag": 1,
        "change_message": "Added."
    }
},
{
    "model": "admin.logentry",
    "pk": 10,
    "fields": {
        "action_time": "2016-06-19T05:22:48.871Z",
        "user": 1,
        "content_type": 10,
        "object_id": "5",
        "object_repr": "norkus, john",
        "action_flag": 1,
        "change_message": "Added."
    }
},
{
    "model": "admin.logentry",
    "pk": 11,
    "fields": {
        "action_time": "2016-06-19T05:23:10.330Z",
        "user": 1,
        "content_type": 10,
        "object_id": "6",
        "object_repr": "doo, scooby",
        "action_flag": 1,
        "change_message": "Added."
    }
},
{
    "model": "admin.logentry",
    "pk": 12,
    "fields": {
        "action_time": "2016-06-19T05:24:04.425Z",
        "user": 1,
        "content_type": 9,
        "object_id": "1",
        "object_repr": "donald duck is the best ever - i love him",
        "action_flag": 1,
        "change_message": "Added."
    }
},
{
    "model": "admin.logentry",
    "pk": 13,
    "fields": {
        "action_time": "2016-06-19T05:24:28.133Z",
        "user": 1,
        "content_type": 9,
        "object_id": "2",
        "object_repr": "you know... Amy is alright, I like her",
        "action_flag": 1,
        "change_message": "Added."
    }
},
{
    "model": "admin.logentry",
    "pk": 14,
    "fields": {
        "action_time": "2016-06-19T05:25:11.871Z",
        "user": 1,
        "content_type": 9,
        "object_id": "3",
        "object_repr": "scooby doo was probably the work dog ive worked with. He should not be at the firm - period! Get lassie next time",
        "action_flag": 1,
        "change_message": "Added."
    }
},
{
    "model": "admin.logentry",
    "pk": 15,
    "fields": {
        "action_time": "2016-06-19T05:41:30.792Z",
        "user": 1,
        "content_type": 9,
        "object_id": "4",
        "object_repr": "really enjoyed working with this dude - he was fun - i like!",
        "action_flag": 1,
        "change_message": "Added."
    }
},
{
    "model": "admin.logentry",
    "pk": 16,
    "fields": {
        "action_time": "2016-06-19T05:42:07.195Z",
        "user": 1,
        "content_type": 9,
        "object_id": "5",
        "object_repr": "not nice at all!",
        "action_flag": 1,
        "change_message": "Added."
    }
},
{
    "model": "admin.logentry",
    "pk": 17,
    "fields": {
        "action_time": "2016-06-19T05:42:38.189Z",
        "user": 1,
        "content_type": 9,
        "object_id": "6",
        "object_repr": "donald is a piece of shit - dont like at all",
        "action_flag": 1,
        "change_message": "Added."
    }
},
{
    "model": "admin.logentry",
    "pk": 18,
    "fields": {
        "action_time": "2016-06-19T05:49:14.084Z",
        "user": 1,
        "content_type": 9,
        "object_id": "8",
        "object_repr": "cats like the norkus",
        "action_flag": 1,
        "change_message": "Added."
    }
},
{
    "model": "admin.logentry",
    "pk": 19,
    "fields": {
        "action_time": "2016-06-19T05:50:18.266Z",
        "user": 1,
        "content_type": 9,
        "object_id": "9",
        "object_repr": "I like daffy - he remindme of a kid",
        "action_flag": 3,
        "change_message": ""
    }
},
{
    "model": "admin.logentry",
    "pk": 20,
    "fields": {
        "action_time": "2016-06-19T17:39:08.558Z",
        "user": 1,
        "content_type": 11,
        "object_id": "1",
        "object_repr": "True",
        "action_flag": 1,
        "change_message": "Added."
    }
},
{
    "model": "admin.logentry",
    "pk": 21,
    "fields": {
        "action_time": "2016-06-19T17:40:26.261Z",
        "user": 1,
        "content_type": 11,
        "object_id": "2",
        "object_repr": "True",
        "action_flag": 1,
        "change_message": "Added."
    }
},
{
    "model": "admin.logentry",
    "pk": 22,
    "fields": {
        "action_time": "2016-06-19T17:51:21.980Z",
        "user": 1,
        "content_type": 11,
        "object_id": "2",
        "object_repr": "Vote object",
        "action_flag": 3,
        "change_message": ""
    }
},
{
    "model": "admin.logentry",
    "pk": 23,
    "fields": {
        "action_time": "2016-06-19T17:51:26.687Z",
        "user": 1,
        "content_type": 11,
        "object_id": "1",
        "object_repr": "Vote object",
        "action_flag": 3,
        "change_message": ""
    }
},
{
    "model": "admin.logentry",
    "pk": 24,
    "fields": {
        "action_time": "2016-06-19T17:53:20.132Z",
        "user": 1,
        "content_type": 11,
        "object_id": "3",
        "object_repr": "Vote object",
        "action_flag": 1,
        "change_message": "Added."
    }
},
{
    "model": "admin.logentry",
    "pk": 25,
    "fields": {
        "action_time": "2016-06-19T17:54:57.143Z",
        "user": 1,
        "content_type": 11,
        "object_id": "3",
        "object_repr": "Vote object",
        "action_flag": 3,
        "change_message": ""
    }
},
{
    "model": "admin.logentry",
    "pk": 26,
    "fields": {
        "action_time": "2016-06-19T17:55:22.549Z",
        "user": 1,
        "content_type": 11,
        "object_id": "4",
        "object_repr": "Vote object",
        "action_flag": 1,
        "change_message": "Added."
    }
},
{
    "model": "admin.logentry",
    "pk": 27,
    "fields": {
        "action_time": "2016-06-19T17:57:21.534Z",
        "user": 1,
        "content_type": 11,
        "object_id": "5",
        "object_repr": "Vote object",
        "action_flag": 1,
        "change_message": "Added."
    }
},
{
    "model": "admin.logentry",
    "pk": 28,
    "fields": {
        "action_time": "2016-06-19T17:57:46.383Z",
        "user": 1,
        "content_type": 11,
        "object_id": "6",
        "object_repr": "Vote object",
        "action_flag": 1,
        "change_message": "Added."
    }
},
{
    "model": "admin.logentry",
    "pk": 29,
    "fields": {
        "action_time": "2016-06-19T18:35:32.859Z",
        "user": 1,
        "content_type": 10,
        "object_id": "7",
        "object_repr": "king, holly",
        "action_flag": 1,
        "change_message": "Added."
    }
},
{
    "model": "admin.logentry",
    "pk": 30,
    "fields": {
        "action_time": "2016-06-19T18:38:17.921Z",
        "user": 1,
        "content_type": 11,
        "object_id": "7",
        "object_repr": "Vote object",
        "action_flag": 3,
        "change_message": ""
    }
},
{
    "model": "admin.logentry",
    "pk": 31,
    "fields": {
        "action_time": "2016-06-19T18:45:09.095Z",
        "user": 1,
        "content_type": 11,
        "object_id": "11",
        "object_repr": "Vote object",
        "action_flag": 1,
        "change_message": "Added."
    }
},
{
    "model": "admin.logentry",
    "pk": 32,
    "fields": {
        "action_time": "2016-06-19T18:45:29.077Z",
        "user": 1,
        "content_type": 11,
        "object_id": "12",
        "object_repr": "Vote object",
        "action_flag": 1,
        "change_message": "Added."
    }
},
{
    "model": "admin.logentry",
    "pk": 33,
    "fields": {
        "action_time": "2016-06-19T22:41:58.232Z",
        "user": 1,
        "content_type": 9,
        "object_id": "10",
        "object_repr": "daffy is ok",
        "action_flag": 1,
        "change_message": "Added."
    }
},
{
    "model": "admin.logentry",
    "pk": 34,
    "fields": {
        "action_time": "2016-06-19T22:42:17.864Z",
        "user": 1,
        "content_type": 9,
        "object_id": "11",
        "object_repr": "daffy was a phenominal duck",
        "action_flag": 1,
        "change_message": "Added."
    }
},
{
    "model": "admin.logentry",
    "pk": 35,
    "fields": {
        "action_time": "2016-06-19T23:11:02.591Z",
        "user": 1,
        "content_type": 9,
        "object_id": "12",
        "object_repr": "i just never liked donald - he was wierd",
        "action_flag": 1,
        "change_message": "Added."
    }
},
{
    "model": "admin.logentry",
    "pk": 36,
    "fields": {
        "action_time": "2016-06-19T23:11:28.301Z",
        "user": 1,
        "content_type": 9,
        "object_id": "13",
        "object_repr": "donald is a clown",
        "action_flag": 1,
        "change_message": "Added."
    }
},
{
    "model": "admin.logentry",
    "pk": 37,
    "fields": {
        "action_time": "2016-06-19T23:12:41.083Z",
        "user": 1,
        "content_type": 11,
        "object_id": "14",
        "object_repr": "Vote object",
        "action_flag": 1,
        "change_message": "Added."
    }
},
{
    "model": "admin.logentry",
    "pk": 38,
    "fields": {
        "action_time": "2016-06-19T23:12:51.988Z",
        "user": 1,
        "content_type": 11,
        "object_id": "15",
        "object_repr": "Vote object",
        "action_flag": 1,
        "change_message": "Added."
    }
},
{
    "model": "admin.logentry",
    "pk": 39,
    "fields": {
        "action_time": "2016-06-19T23:13:05.817Z",
        "user": 1,
        "content_type": 11,
        "object_id": "16",
        "object_repr": "Vote object",
        "action_flag": 1,
        "change_message": "Added."
    }
},
{
    "model": "admin.logentry",
    "pk": 40,
    "fields": {
        "action_time": "2016-06-19T23:13:29.451Z",
        "user": 1,
        "content_type": 11,
        "object_id": "15",
        "object_repr": "Vote object",
        "action_flag": 2,
        "change_message": "Changed upvotes."
    }
},
{
    "model": "admin.logentry",
    "pk": 41,
    "fields": {
        "action_time": "2016-06-19T23:14:08.917Z",
        "user": 1,
        "content_type": 9,
        "object_id": "14",
        "object_repr": "wow - donald is a freak!",
        "action_flag": 1,
        "change_message": "Added."
    }
},
{
    "model": "admin.logentry",
    "pk": 42,
    "fields": {
        "action_time": "2016-06-19T23:23:50.632Z",
        "user": 1,
        "content_type": 11,
        "object_id": "10",
        "object_repr": "Vote object",
        "action_flag": 2,
        "change_message": "Changed upvotes."
    }
},
{
    "model": "admin.logentry",
    "pk": 43,
    "fields": {
        "action_time": "2016-06-20T00:16:02.173Z",
        "user": 1,
        "content_type": 11,
        "object_id": "19",
        "object_repr": "Vote object",
        "action_flag": 1,
        "change_message": "Added."
    }
},
{
    "model": "admin.logentry",
    "pk": 44,
    "fields": {
        "action_time": "2016-06-20T01:15:26.715Z",
        "user": 1,
        "content_type": 9,
        "object_id": "7",
        "object_repr": "john is a good guy",
        "action_flag": 3,
        "change_message": ""
    }
},
{
    "model": "admin.logentry",
    "pk": 45,
    "fields": {
        "action_time": "2016-06-24T19:37:58.884Z",
        "user": 1,
        "content_type": 10,
        "object_id": "8",
        "object_repr": "jobs, steve",
        "action_flag": 1,
        "change_message": "Added."
    }
}
]
