[
{
    "model": "reviews.review",
    "pk": 1,
    "fields": {
        "user": 2,
        "employee": 2,
        "content": "donald duck is the best ever - i love him",
        "upvotes": 5,
        "downvotes": null,
        "timestamp": "2016-06-19T05:24:04.424Z",
        "work_again": "Y"
    }
},
{
    "model": "reviews.review",
    "pk": 2,
    "fields": {
        "user": 4,
        "employee": 3,
        "content": "you know... Amy is alright, I like her",
        "upvotes": 3,
        "downvotes": null,
        "timestamp": "2016-06-19T05:24:28.132Z",
        "work_again": "Y"
    }
},
{
    "model": "reviews.review",
    "pk": 3,
    "fields": {
        "user": 1,
        "employee": 6,
        "content": "scooby doo was probably the work dog ive worked with. He should not be at the firm - period! Get lassie next time",
        "upvotes": 3,
        "downvotes": null,
        "timestamp": "2016-06-19T05:25:11.870Z",
        "work_again": "N"
    }
},
{
    "model": "reviews.review",
    "pk": 4,
    "fields": {
        "user": 1,
        "employee": 4,
        "content": "really enjoyed working with this dude - he was fun - i like!",
        "upvotes": 9,
        "downvotes": null,
        "timestamp": "2016-06-19T05:41:30.791Z",
        "work_again": "Y"
    }
},
{
    "model": "reviews.review",
    "pk": 5,
    "fields": {
        "user": 1,
        "employee": 3,
        "content": "not nice at all!",
        "upvotes": 3,
        "downvotes": null,
        "timestamp": "2016-06-19T05:42:07.194Z",
        "work_again": "Y"
    }
},
{
    "model": "reviews.review",
    "pk": 6,
    "fields": {
        "user": 5,
        "employee": 2,
        "content": "donald is a piece of shit - dont like at all",
        "upvotes": 1,
        "downvotes": null,
        "timestamp": "2016-06-19T05:42:38.189Z",
        "work_again": "N"
    }
},
{
    "model": "reviews.review",
    "pk": 8,
    "fields": {
        "user": 5,
        "employee": 5,
        "content": "cats like the norkus",
        "upvotes": null,
        "downvotes": null,
        "timestamp": "2016-06-19T05:49:14.083Z",
        "work_again": "Y"
    }
},
{
    "model": "reviews.review",
    "pk": 9,
    "fields": {
        "user": 1,
        "employee": 1,
        "content": "i really dislike daffy",
        "upvotes": null,
        "downvotes": null,
        "timestamp": "2016-06-19T05:58:30.661Z",
        "work_again": "N"
    }
},
{
    "model": "reviews.review",
    "pk": 10,
    "fields": {
        "user": 4,
        "employee": 1,
        "content": "daffy is ok",
        "upvotes": null,
        "downvotes": null,
        "timestamp": "2016-06-19T22:41:58.231Z",
        "work_again": "Y"
    }
},
{
    "model": "reviews.review",
    "pk": 11,
    "fields": {
        "user": 3,
        "employee": 1,
        "content": "daffy was a phenominal duck",
        "upvotes": null,
        "downvotes": null,
        "timestamp": "2016-06-19T22:42:17.863Z",
        "work_again": "Y"
    }
},
{
    "model": "reviews.review",
    "pk": 12,
    "fields": {
        "user": 4,
        "employee": 2,
        "content": "i just never liked donald - he was wierd",
        "upvotes": null,
        "downvotes": null,
        "timestamp": "2016-06-19T23:11:02.590Z",
        "work_again": "Y"
    }
},
{
    "model": "reviews.review",
    "pk": 13,
    "fields": {
        "user": 1,
        "employee": 2,
        "content": "donald is a clown",
        "upvotes": null,
        "downvotes": null,
        "timestamp": "2016-06-19T23:11:28.300Z",
        "work_again": "Y"
    }
},
{
    "model": "reviews.review",
    "pk": 14,
    "fields": {
        "user": 3,
        "employee": 2,
        "content": "wow - donald is a freak!",
        "upvotes": null,
        "downvotes": null,
        "timestamp": "2016-06-19T23:14:08.916Z",
        "work_again": "N"
    }
},
{
    "model": "reviews.review",
    "pk": 15,
    "fields": {
        "user": 1,
        "employee": 5,
        "content": "john isn't a bad guy at all, I like him",
        "upvotes": null,
        "downvotes": null,
        "timestamp": "2016-06-20T01:15:56.647Z",
        "work_again": "Y"
    }
},
{
    "model": "reviews.review",
    "pk": 16,
    "fields": {
        "user": 1,
        "employee": 7,
        "content": "holly is a new employee - she is cool",
        "upvotes": null,
        "downvotes": null,
        "timestamp": "2016-06-20T01:17:39.061Z",
        "work_again": "Y"
    }
},
{
    "model": "reviews.review",
    "pk": 17,
    "fields": {
        "user": 1,
        "employee": 8,
        "content": "man, i dont know if I like this character",
        "upvotes": null,
        "downvotes": null,
        "timestamp": "2016-06-24T19:39:03.665Z",
        "work_again": "N"
    }
},
{
    "model": "reviews.review",
    "pk": 18,
    "fields": {
        "user": 2,
        "employee": 8,
        "content": "steve was a bold man - i didnt like him much",
        "upvotes": null,
        "downvotes": null,
        "timestamp": "2016-06-25T14:25:38.080Z",
        "work_again": "N"
    }
},
{
    "model": "reviews.review",
    "pk": 19,
    "fields": {
        "user": 8,
        "employee": 1,
        "content": "daffy is a bit of an off duck. I'll explain more but man, this guy baffles me sometimes",
        "upvotes": null,
        "downvotes": null,
        "timestamp": "2016-06-25T14:38:06.045Z",
        "work_again": "N"
    }
},
{
    "model": "reviews.review",
    "pk": 20,
    "fields": {
        "user": 1,
        "employee": 11,
        "content": "i like this emp",
        "upvotes": null,
        "downvotes": null,
        "timestamp": "2016-06-25T14:42:52.933Z",
        "work_again": "Y"
    }
},
{
    "model": "reviews.review",
    "pk": 26,
    "fields": {
        "user": 1,
        "employee": 12,
        "content": "i like ipad",
        "upvotes": null,
        "downvotes": null,
        "timestamp": "2016-06-25T21:08:49.578Z",
        "work_again": "Y"
    }
},
{
    "model": "reviews.review",
    "pk": 27,
    "fields": {
        "user": 14,
        "employee": 2,
        "content": "donald duck remind me of donal trump who is a strange being",
        "upvotes": null,
        "downvotes": null,
        "timestamp": "2016-06-25T21:11:42.610Z",
        "work_again": "N"
    }
},
{
    "model": "reviews.review",
    "pk": 28,
    "fields": {
        "user": 14,
        "employee": 3,
        "content": "amy is amazing - I really liked working with her - she was the shindig",
        "upvotes": null,
        "downvotes": null,
        "timestamp": "2016-06-26T03:43:07.885Z",
        "work_again": "Y"
    }
},
{
    "model": "reviews.employee",
    "pk": 1,
    "fields": {
        "first_name": "daffy",
        "last_name": "duck",
        "email": "dduck@deloitte.com",
        "level": "M",
        "office": "atlanta",
        "timestamp": "2016-06-19T05:22:00.691Z"
    }
},
{
    "model": "reviews.employee",
    "pk": 2,
    "fields": {
        "first_name": "donald",
        "last_name": "duck",
        "email": "donald@deloitte.com",
        "level": "PPD",
        "office": "boston",
        "timestamp": "2016-06-19T05:22:14.344Z"
    }
},
{
    "model": "reviews.employee",
    "pk": 3,
    "fields": {
        "first_name": "amy",
        "last_name": "fiern",
        "email": "amy@deloitte.com",
        "level": "PPD",
        "office": "miami",
        "timestamp": "2016-06-19T05:22:25.523Z"
    }
},
{
    "model": "reviews.employee",
    "pk": 4,
    "fields": {
        "first_name": "walid",
        "last_name": "bazzi",
        "email": "wba@deloitte.com",
        "level": "SM",
        "office": "mclean",
        "timestamp": "2016-06-19T05:22:37.712Z"
    }
},
{
    "model": "reviews.employee",
    "pk": 5,
    "fields": {
        "first_name": "john",
        "last_name": "norkus",
        "email": "norkus@deloitte.com",
        "level": "M",
        "office": "chicago",
        "timestamp": "2016-06-19T05:22:48.870Z"
    }
},
{
    "model": "reviews.employee",
    "pk": 6,
    "fields": {
        "first_name": "scooby",
        "last_name": "doo",
        "email": "dooscoo@deloitte.com",
        "level": "SM",
        "office": "San francisco",
        "timestamp": "2016-06-19T05:23:10.329Z"
    }
},
{
    "model": "reviews.employee",
    "pk": 7,
    "fields": {
        "first_name": "holly",
        "last_name": "king",
        "email": "fjlasdjf@del.com",
        "level": "SM",
        "office": "atlanta",
        "timestamp": "2016-06-19T18:35:32.858Z"
    }
},
{
    "model": "reviews.employee",
    "pk": 8,
    "fields": {
        "first_name": "steve",
        "last_name": "jobs",
        "email": "sjobs@del.com",
        "level": "PPD",
        "office": "SF",
        "timestamp": "2016-06-24T19:37:58.883Z"
    }
},
{
    "model": "reviews.employee",
    "pk": 9,
    "fields": {
        "first_name": "clowny",
        "last_name": "clown",
        "email": "alksdfj@deloitte.com",
        "level": "ppd",
        "office": "atlanta",
        "timestamp": "2016-06-25T02:37:14.424Z"
    }
},
{
    "model": "reviews.employee",
    "pk": 10,
    "fields": {
        "first_name": "joker",
        "last_name": "face",
        "email": "joker@deloitte.com",
        "level": "ppd",
        "office": "San francisco",
        "timestamp": "2016-06-25T02:37:29.441Z"
    }
},
{
    "model": "reviews.employee",
    "pk": 11,
    "fields": {
        "first_name": "new",
        "last_name": "emp",
        "email": "aslkd2@DELOITTE.COM",
        "level": "m",
        "office": "atl",
        "timestamp": "2016-06-25T14:39:44.618Z"
    }
},
{
    "model": "reviews.employee",
    "pk": 12,
    "fields": {
        "first_name": "ipad",
        "last_name": "pro",
        "email": "ipad@apple.com",
        "level": "PPD",
        "office": "chicago",
        "timestamp": "2016-06-25T20:44:50.619Z"
    }
},
{
    "model": "reviews.vote",
    "pk": 4,
    "fields": {
        "review": 9,
        "employee": 1,
        "user": 2,
        "upvotes": true,
        "downvotes": null
    }
},
{
    "model": "reviews.vote",
    "pk": 5,
    "fields": {
        "review": 8,
        "employee": 5,
        "user": 2,
        "upvotes": true,
        "downvotes": null
    }
},
{
    "model": "reviews.vote",
    "pk": 9,
    "fields": {
        "review": 1,
        "employee": 2,
        "user": 1,
        "upvotes": true,
        "downvotes": null
    }
},
{
    "model": "reviews.vote",
    "pk": 10,
    "fields": {
        "review": 6,
        "employee": 2,
        "user": 1,
        "upvotes": null,
        "downvotes": null
    }
},
{
    "model": "reviews.vote",
    "pk": 11,
    "fields": {
        "review": 6,
        "employee": 2,
        "user": 2,
        "upvotes": true,
        "downvotes": null
    }
},
{
    "model": "reviews.vote",
    "pk": 12,
    "fields": {
        "review": 6,
        "employee": 2,
        "user": 5,
        "upvotes": true,
        "downvotes": null
    }
},
{
    "model": "reviews.vote",
    "pk": 13,
    "fields": {
        "review": 3,
        "employee": 6,
        "user": 1,
        "upvotes": true,
        "downvotes": null
    }
},
{
    "model": "reviews.vote",
    "pk": 14,
    "fields": {
        "review": 1,
        "employee": 2,
        "user": 2,
        "upvotes": true,
        "downvotes": null
    }
},
{
    "model": "reviews.vote",
    "pk": 15,
    "fields": {
        "review": 1,
        "employee": 2,
        "user": 4,
        "upvotes": true,
        "downvotes": null
    }
},
{
    "model": "reviews.vote",
    "pk": 16,
    "fields": {
        "review": 1,
        "employee": 2,
        "user": 3,
        "upvotes": true,
        "downvotes": null
    }
},
{
    "model": "reviews.vote",
    "pk": 17,
    "fields": {
        "review": 12,
        "employee": 2,
        "user": 1,
        "upvotes": true,
        "downvotes": null
    }
},
{
    "model": "reviews.vote",
    "pk": 18,
    "fields": {
        "review": 9,
        "employee": 1,
        "user": 1,
        "upvotes": true,
        "downvotes": null
    }
},
{
    "model": "reviews.vote",
    "pk": 19,
    "fields": {
        "review": 9,
        "employee": 1,
        "user": 5,
        "upvotes": true,
        "downvotes": null
    }
},
{
    "model": "reviews.vote",
    "pk": 20,
    "fields": {
        "review": 5,
        "employee": 3,
        "user": 1,
        "upvotes": true,
        "downvotes": null
    }
},
{
    "model": "reviews.vote",
    "pk": 21,
    "fields": {
        "review": 2,
        "employee": 3,
        "user": 1,
        "upvotes": true,
        "downvotes": null
    }
},
{
    "model": "reviews.vote",
    "pk": 22,
    "fields": {
        "review": 16,
        "employee": 7,
        "user": 1,
        "upvotes": true,
        "downvotes": null
    }
},
{
    "model": "reviews.vote",
    "pk": 23,
    "fields": {
        "review": 10,
        "employee": 1,
        "user": 1,
        "upvotes": true,
        "downvotes": null
    }
},
{
    "model": "reviews.vote",
    "pk": 24,
    "fields": {
        "review": 17,
        "employee": 8,
        "user": 1,
        "upvotes": true,
        "downvotes": null
    }
},
{
    "model": "reviews.userstatus",
    "pk": 1,
    "fields": {
        "user": 1,
        "is_contributor": true,
        "updated": "2016-06-25T14:40:03.478Z"
    }
},
{
    "model": "reviews.userstatus",
    "pk": 2,
    "fields": {
        "user": 2,
        "is_contributor": false,
        "updated": "2016-06-25T20:43:51.377Z"
    }
},
{
    "model": "reviews.userstatus",
    "pk": 3,
    "fields": {
        "user": 8,
        "is_contributor": false,
        "updated": "2016-06-25T14:22:26.209Z"
    }
},
{
    "model": "reviews.userstatus",
    "pk": 4,
    "fields": {
        "user": 5,
        "is_contributor": false,
        "updated": "2016-06-25T20:43:46.115Z"
    }
},
{
    "model": "reviews.userstatus",
    "pk": 5,
    "fields": {
        "user": 7,
        "is_contributor": false,
        "updated": "2016-06-25T20:08:57.154Z"
    }
},
{
    "model": "reviews.userstatus",
    "pk": 6,
    "fields": {
        "user": 4,
        "is_contributor": false,
        "updated": "2016-06-25T20:09:02.317Z"
    }
},
{
    "model": "reviews.userstatus",
    "pk": 7,
    "fields": {
        "user": 3,
        "is_contributor": false,
        "updated": "2016-06-25T20:09:12.968Z"
    }
},
{
    "model": "reviews.userstatus",
    "pk": 8,
    "fields": {
        "user": 6,
        "is_contributor": false,
        "updated": "2016-06-25T20:09:17.747Z"
    }
},
{
    "model": "reviews.userstatus",
    "pk": 9,
    "fields": {
        "user": 14,
        "is_contributor": true,
        "updated": "2016-06-26T03:40:57.503Z"
    }
}
]
