[
{
    "model": "contenttypes.contenttype",
    "pk": 1,
    "fields": {
        "app_label": "admin",
        "model": "logentry"
    }
},
{
    "model": "contenttypes.contenttype",
    "pk": 2,
    "fields": {
        "app_label": "registration",
        "model": "registrationprofile"
    }
},
{
    "model": "contenttypes.contenttype",
    "pk": 3,
    "fields": {
        "app_label": "auth",
        "model": "permission"
    }
},
{
    "model": "contenttypes.contenttype",
    "pk": 4,
    "fields": {
        "app_label": "auth",
        "model": "group"
    }
},
{
    "model": "contenttypes.contenttype",
    "pk": 5,
    "fields": {
        "app_label": "auth",
        "model": "user"
    }
},
{
    "model": "contenttypes.contenttype",
    "pk": 6,
    "fields": {
        "app_label": "contenttypes",
        "model": "contenttype"
    }
},
{
    "model": "contenttypes.contenttype",
    "pk": 7,
    "fields": {
        "app_label": "sessions",
        "model": "session"
    }
},
{
    "model": "contenttypes.contenttype",
    "pk": 8,
    "fields": {
        "app_label": "sites",
        "model": "site"
    }
},
{
    "model": "contenttypes.contenttype",
    "pk": 9,
    "fields": {
        "app_label": "reviews",
        "model": "review"
    }
},
{
    "model": "contenttypes.contenttype",
    "pk": 10,
    "fields": {
        "app_label": "reviews",
        "model": "employee"
    }
},
{
    "model": "contenttypes.contenttype",
    "pk": 11,
    "fields": {
        "app_label": "reviews",
        "model": "vote"
    }
},
{
    "model": "contenttypes.contenttype",
    "pk": 12,
    "fields": {
        "app_label": "reviews",
        "model": "userstatus"
    }
},
{
    "model": "contenttypes.contenttype",
    "pk": 13,
    "fields": {
        "app_label": "reviews",
        "model": "userlevel"
    }
},
{
    "model": "sessions.session",
    "pk": "7227vbzrxe1242caycz49t6hava8xa8f",
    "fields": {
        "session_data": "ZDVmNTFmMWVlMzk3MGUzM2E1OTVlM2VmNGZmY2YwZGY2YjgzODdjYzp7Il9hdXRoX3VzZXJfaGFzaCI6Ijc2MjBjODlkY2I1YjhmMjg3Yzc3Y2JkNjBhOTkxZDI5NTE5M2Q2ODYiLCJfYXV0aF91c2VyX2JhY2tlbmQiOiJkamFuZ28uY29udHJpYi5hdXRoLmJhY2tlbmRzLk1vZGVsQmFja2VuZCIsIl9hdXRoX3VzZXJfaWQiOiIxIn0=",
        "expire_date": "2016-08-14T13:17:43.107Z"
    }
},
{
    "model": "sites.site",
    "pk": 1,
    "fields": {
        "domain": "greendotpeers.com",
        "name": "greendotpeers.com"
    }
},
{
    "model": "reviews.employee",
    "pk": 1,
    "fields": {
        "first_name": "donald",
        "last_name": "duck",
        "email": "donduck@del.com",
        "level": "PPD",
        "service_area": "S&O",
        "service_line": "",
        "office": "Chicago",
        "timestamp": "2016-06-26T05:02:56.070Z"
    }
},
{
    "model": "reviews.employee",
    "pk": 2,
    "fields": {
        "first_name": "daffy",
        "last_name": "duck",
        "email": "daffy@del.com",
        "level": "M",
        "service_area": "Tech",
        "service_line": "",
        "office": "Mclean",
        "timestamp": "2016-06-26T05:03:13.454Z"
    }
},
{
    "model": "reviews.employee",
    "pk": 3,
    "fields": {
        "first_name": "Amy",
        "last_name": "Chapman",
        "email": "fierna@del.com",
        "level": "SM",
        "service_area": "S&O",
        "service_line": "",
        "office": "Mclean",
        "timestamp": "2016-06-26T05:04:03.673Z"
    }
},
{
    "model": "reviews.employee",
    "pk": 4,
    "fields": {
        "first_name": "bernie",
        "last_name": "sanders",
        "email": "bern@peeps.com",
        "level": "SM",
        "service_area": "Hcap",
        "service_line": "",
        "office": "houston",
        "timestamp": "2016-06-26T05:04:21.306Z"
    }
},
{
    "model": "reviews.employee",
    "pk": 5,
    "fields": {
        "first_name": "john",
        "last_name": "houston",
        "email": "houston",
        "level": "SM",
        "service_area": "S&O",
        "service_line": "",
        "office": "Atlanta",
        "timestamp": "2016-06-26T05:04:37.399Z"
    }
},
{
    "model": "reviews.employee",
    "pk": 6,
    "fields": {
        "first_name": "jake",
        "last_name": "clapper",
        "email": "clapper@del.com",
        "level": "M",
        "service_area": "S&O",
        "service_line": "",
        "office": "Atlanta",
        "timestamp": "2016-06-26T05:05:00.965Z"
    }
},
{
    "model": "reviews.employee",
    "pk": 7,
    "fields": {
        "first_name": "don",
        "last_name": "bradman",
        "email": "donb@del.com",
        "level": "SM",
        "service_area": "S&O",
        "service_line": "",
        "office": "san fran",
        "timestamp": "2016-06-26T05:11:35.380Z"
    }
},
{
    "model": "reviews.employee",
    "pk": 8,
    "fields": {
        "first_name": "puneet",
        "last_name": "renjen",
        "email": "puneet@del.com",
        "level": "PPD",
        "service_area": "S&O",
        "service_line": "",
        "office": "Atlanta",
        "timestamp": "2016-06-26T05:11:47.977Z"
    }
},
{
    "model": "reviews.employee",
    "pk": 9,
    "fields": {
        "first_name": "hobby",
        "last_name": "duck",
        "email": "adsf@deloitte.com",
        "level": "M",
        "service_area": "Tech",
        "service_line": "",
        "office": "Chicago",
        "timestamp": "2016-07-02T18:14:00.031Z"
    }
},
{
    "model": "auth.permission",
    "pk": 1,
    "fields": {
        "name": "Can add log entry",
        "content_type": 1,
        "codename": "add_logentry"
    }
},
{
    "model": "auth.permission",
    "pk": 2,
    "fields": {
        "name": "Can change log entry",
        "content_type": 1,
        "codename": "change_logentry"
    }
},
{
    "model": "auth.permission",
    "pk": 3,
    "fields": {
        "name": "Can delete log entry",
        "content_type": 1,
        "codename": "delete_logentry"
    }
},
{
    "model": "auth.permission",
    "pk": 4,
    "fields": {
        "name": "Can add registration profile",
        "content_type": 2,
        "codename": "add_registrationprofile"
    }
},
{
    "model": "auth.permission",
    "pk": 5,
    "fields": {
        "name": "Can change registration profile",
        "content_type": 2,
        "codename": "change_registrationprofile"
    }
},
{
    "model": "auth.permission",
    "pk": 6,
    "fields": {
        "name": "Can delete registration profile",
        "content_type": 2,
        "codename": "delete_registrationprofile"
    }
},
{
    "model": "auth.permission",
    "pk": 7,
    "fields": {
        "name": "Can add permission",
        "content_type": 3,
        "codename": "add_permission"
    }
},
{
    "model": "auth.permission",
    "pk": 8,
    "fields": {
        "name": "Can change permission",
        "content_type": 3,
        "codename": "change_permission"
    }
},
{
    "model": "auth.permission",
    "pk": 9,
    "fields": {
        "name": "Can delete permission",
        "content_type": 3,
        "codename": "delete_permission"
    }
},
{
    "model": "auth.permission",
    "pk": 10,
    "fields": {
        "name": "Can add group",
        "content_type": 4,
        "codename": "add_group"
    }
},
{
    "model": "auth.permission",
    "pk": 11,
    "fields": {
        "name": "Can change group",
        "content_type": 4,
        "codename": "change_group"
    }
},
{
    "model": "auth.permission",
    "pk": 12,
    "fields": {
        "name": "Can delete group",
        "content_type": 4,
        "codename": "delete_group"
    }
},
{
    "model": "auth.permission",
    "pk": 13,
    "fields": {
        "name": "Can add user",
        "content_type": 5,
        "codename": "add_user"
    }
},
{
    "model": "auth.permission",
    "pk": 14,
    "fields": {
        "name": "Can change user",
        "content_type": 5,
        "codename": "change_user"
    }
},
{
    "model": "auth.permission",
    "pk": 15,
    "fields": {
        "name": "Can delete user",
        "content_type": 5,
        "codename": "delete_user"
    }
},
{
    "model": "auth.permission",
    "pk": 16,
    "fields": {
        "name": "Can add content type",
        "content_type": 6,
        "codename": "add_contenttype"
    }
},
{
    "model": "auth.permission",
    "pk": 17,
    "fields": {
        "name": "Can change content type",
        "content_type": 6,
        "codename": "change_contenttype"
    }
},
{
    "model": "auth.permission",
    "pk": 18,
    "fields": {
        "name": "Can delete content type",
        "content_type": 6,
        "codename": "delete_contenttype"
    }
},
{
    "model": "auth.permission",
    "pk": 19,
    "fields": {
        "name": "Can add session",
        "content_type": 7,
        "codename": "add_session"
    }
},
{
    "model": "auth.permission",
    "pk": 20,
    "fields": {
        "name": "Can change session",
        "content_type": 7,
        "codename": "change_session"
    }
},
{
    "model": "auth.permission",
    "pk": 21,
    "fields": {
        "name": "Can delete session",
        "content_type": 7,
        "codename": "delete_session"
    }
},
{
    "model": "auth.permission",
    "pk": 22,
    "fields": {
        "name": "Can add site",
        "content_type": 8,
        "codename": "add_site"
    }
},
{
    "model": "auth.permission",
    "pk": 23,
    "fields": {
        "name": "Can change site",
        "content_type": 8,
        "codename": "change_site"
    }
},
{
    "model": "auth.permission",
    "pk": 24,
    "fields": {
        "name": "Can delete site",
        "content_type": 8,
        "codename": "delete_site"
    }
},
{
    "model": "auth.permission",
    "pk": 25,
    "fields": {
        "name": "Can add review",
        "content_type": 9,
        "codename": "add_review"
    }
},
{
    "model": "auth.permission",
    "pk": 26,
    "fields": {
        "name": "Can change review",
        "content_type": 9,
        "codename": "change_review"
    }
},
{
    "model": "auth.permission",
    "pk": 27,
    "fields": {
        "name": "Can delete review",
        "content_type": 9,
        "codename": "delete_review"
    }
},
{
    "model": "auth.permission",
    "pk": 28,
    "fields": {
        "name": "Can add employee",
        "content_type": 10,
        "codename": "add_employee"
    }
},
{
    "model": "auth.permission",
    "pk": 29,
    "fields": {
        "name": "Can change employee",
        "content_type": 10,
        "codename": "change_employee"
    }
},
{
    "model": "auth.permission",
    "pk": 30,
    "fields": {
        "name": "Can delete employee",
        "content_type": 10,
        "codename": "delete_employee"
    }
},
{
    "model": "auth.permission",
    "pk": 31,
    "fields": {
        "name": "Can add vote",
        "content_type": 11,
        "codename": "add_vote"
    }
},
{
    "model": "auth.permission",
    "pk": 32,
    "fields": {
        "name": "Can change vote",
        "content_type": 11,
        "codename": "change_vote"
    }
},
{
    "model": "auth.permission",
    "pk": 33,
    "fields": {
        "name": "Can delete vote",
        "content_type": 11,
        "codename": "delete_vote"
    }
},
{
    "model": "auth.permission",
    "pk": 34,
    "fields": {
        "name": "Can add user status",
        "content_type": 12,
        "codename": "add_userstatus"
    }
},
{
    "model": "auth.permission",
    "pk": 35,
    "fields": {
        "name": "Can change user status",
        "content_type": 12,
        "codename": "change_userstatus"
    }
},
{
    "model": "auth.permission",
    "pk": 36,
    "fields": {
        "name": "Can delete user status",
        "content_type": 12,
        "codename": "delete_userstatus"
    }
},
{
    "model": "auth.permission",
    "pk": 37,
    "fields": {
        "name": "Can add user level",
        "content_type": 13,
        "codename": "add_userlevel"
    }
},
{
    "model": "auth.permission",
    "pk": 38,
    "fields": {
        "name": "Can change user level",
        "content_type": 13,
        "codename": "change_userlevel"
    }
},
{
    "model": "auth.permission",
    "pk": 39,
    "fields": {
        "name": "Can delete user level",
        "content_type": 13,
        "codename": "delete_userlevel"
    }
},
{
    "model": "auth.user",
    "pk": 1,
    "fields": {
        "password": "pbkdf2_sha256$24000$N8IAWnO12zEy$EEuIZFLUAyS8mqGA7SLq8MZxOLnOIr0Hc5DN6PSgbIk=",
        "last_login": "2016-07-31T13:17:43.104Z",
        "is_superuser": true,
        "username": "junaid",
        "first_name": "",
        "last_name": "",
        "email": "junaidq1@gmail.com",
        "is_staff": true,
        "is_active": true,
        "date_joined": "2016-06-26T05:02:17.450Z",
        "groups": [],
        "user_permissions": []
    }
},
{
    "model": "auth.user",
    "pk": 2,
    "fields": {
        "password": "pbkdf2_sha256$24000$QzbJIs97j424$4bX6jW8KSEkMgWZUBnR4icKwVNURH71Qul6O4BLm9as=",
        "last_login": "2016-07-03T04:36:40.355Z",
        "is_superuser": false,
        "username": "scooby",
        "first_name": "",
        "last_name": "",
        "email": "",
        "is_staff": false,
        "is_active": true,
        "date_joined": "2016-06-26T05:08:21Z",
        "groups": [],
        "user_permissions": []
    }
},
{
    "model": "auth.user",
    "pk": 3,
    "fields": {
        "password": "pbkdf2_sha256$24000$Dy1Kjh2Nt0zw$AMDTWjLj7ZWjXd40Nki+E4lweqvvm2bJvQcCxIajtWg=",
        "last_login": "2016-07-03T04:36:32.658Z",
        "is_superuser": false,
        "username": "shaggy",
        "first_name": "",
        "last_name": "",
        "email": "",
        "is_staff": false,
        "is_active": true,
        "date_joined": "2016-06-26T05:08:40.006Z",
        "groups": [],
        "user_permissions": []
    }
},
{
    "model": "auth.user",
    "pk": 4,
    "fields": {
        "password": "pbkdf2_sha256$24000$U0MtyoFur7QA$N47lXIzNnopyKeuflF/vDJxNW9sZJfAvubbzJ0P76qw=",
        "last_login": null,
        "is_superuser": false,
        "username": "markman",
        "first_name": "",
        "last_name": "",
        "email": "",
        "is_staff": false,
        "is_active": true,
        "date_joined": "2016-06-26T05:08:50.860Z",
        "groups": [],
        "user_permissions": []
    }
},
{
    "model": "auth.user",
    "pk": 5,
    "fields": {
        "password": "pbkdf2_sha256$24000$JlXVLOgMohwO$evnLKj1+8cPtCskO6rPyqkHC0KXIHMWoqiue5nq5iK8=",
        "last_login": null,
        "is_superuser": false,
        "username": "thedevil",
        "first_name": "",
        "last_name": "",
        "email": "",
        "is_staff": false,
        "is_active": true,
        "date_joined": "2016-06-26T05:09:00.268Z",
        "groups": [],
        "user_permissions": []
    }
},
{
    "model": "auth.user",
    "pk": 6,
    "fields": {
        "password": "pbkdf2_sha256$24000$peDDy5AfMEuF$bcq0r1+9eqW+79h0iibm7+LLsLlR99TLq4BuPv+P/Vs=",
        "last_login": null,
        "is_superuser": false,
        "username": "manytimes",
        "first_name": "",
        "last_name": "",
        "email": "",
        "is_staff": false,
        "is_active": true,
        "date_joined": "2016-06-26T05:09:07.784Z",
        "groups": [],
        "user_permissions": []
    }
},
{
    "model": "auth.user",
    "pk": 7,
    "fields": {
        "password": "pbkdf2_sha256$24000$HLhDL8Th6gU7$BIZaQ/WS0ZgWMIFtazgMPaOX62aJO9GtPJGKxJfNNMs=",
        "last_login": "2016-07-03T04:37:39.719Z",
        "is_superuser": false,
        "username": "methodman",
        "first_name": "",
        "last_name": "",
        "email": "",
        "is_staff": false,
        "is_active": true,
        "date_joined": "2016-06-26T05:09:21.407Z",
        "groups": [],
        "user_permissions": []
    }
},
{
    "model": "auth.user",
    "pk": 8,
    "fields": {
        "password": "pbkdf2_sha256$24000$zaGtEsajfp4f$Q47Bp2o+q7CLJnqiqaUNiT9v3sK63eVtrDQITtW6Zsw=",
        "last_login": null,
        "is_superuser": false,
        "username": "foreverconsultant",
        "first_name": "",
        "last_name": "",
        "email": "",
        "is_staff": false,
        "is_active": true,
        "date_joined": "2016-06-26T05:09:31.160Z",
        "groups": [],
        "user_permissions": []
    }
},
{
    "model": "auth.user",
    "pk": 9,
    "fields": {
        "password": "pbkdf2_sha256$24000$IRkoUOTdGORi$PrR4dQc5ULKt6ZANy07p5W8QSCsY94lHF6FbMtEQ14s=",
        "last_login": null,
        "is_superuser": false,
        "username": "nightrider",
        "first_name": "",
        "last_name": "",
        "email": "",
        "is_staff": false,
        "is_active": true,
        "date_joined": "2016-06-26T05:09:41.687Z",
        "groups": [],
        "user_permissions": []
    }
},
{
    "model": "auth.user",
    "pk": 10,
    "fields": {
        "password": "pbkdf2_sha256$24000$AHEtOp4mkVuk$8ynPlY0DdsI5hbDMZX28a2sMKlI5GUXtlxYPypKf2rI=",
        "last_login": null,
        "is_superuser": false,
        "username": "johnnyb",
        "first_name": "",
        "last_name": "",
        "email": "jhnnnn@gmail.com",
        "is_staff": false,
        "is_active": true,
        "date_joined": "2016-07-03T17:41:41Z",
        "groups": [],
        "user_permissions": []
    }
},
{
    "model": "auth.user",
    "pk": 12,
    "fields": {
        "password": "pbkdf2_sha256$24000$Hh5m4h2tweXP$dNs72DCeLzOynQgUrT+dPeEYBVfIEt6JOz7ZnKbDi0M=",
        "last_login": null,
        "is_superuser": false,
        "username": "tpayne",
        "first_name": "",
        "last_name": "",
        "email": "tpaydfsadfsdfmvncxnvmxcn@gmail.com",
        "is_staff": false,
        "is_active": false,
        "date_joined": "2016-07-11T11:52:57.713Z",
        "groups": [],
        "user_permissions": []
    }
},
{
    "model": "auth.user",
    "pk": 15,
    "fields": {
        "password": "pbkdf2_sha256$24000$yPoNamRdlyfd$eoKXZ57OMau16J3KkVFSwdyShMYPQickR0qhnqivTEw=",
        "last_login": null,
        "is_superuser": false,
        "username": "zxcv",
        "first_name": "",
        "last_name": "",
        "email": "zxcv@gmail.com",
        "is_staff": false,
        "is_active": false,
        "date_joined": "2016-07-12T02:53:25.980Z",
        "groups": [],
        "user_permissions": []
    }
},
{
    "model": "auth.user",
    "pk": 21,
    "fields": {
        "password": "pbkdf2_sha256$24000$a7Jl5sjU8L1Y$uTQdAzB0+nWJJln6mJFV2rUX1a6Tp+O1bvWgDiitFYg=",
        "last_login": null,
        "is_superuser": false,
        "username": "nowman",
        "first_name": "",
        "last_name": "",
        "email": "zxcvb@gmail.com",
        "is_staff": false,
        "is_active": false,
        "date_joined": "2016-07-12T03:05:31.533Z",
        "groups": [],
        "user_permissions": []
    }
},
{
    "model": "auth.user",
    "pk": 22,
    "fields": {
        "password": "pbkdf2_sha256$24000$6UhvunUY6vwY$4Hsay/ikp/xkPunwtaKaCpDtjSZLYbCnllySdC7+TDs=",
        "last_login": "2016-07-19T02:41:51.884Z",
        "is_superuser": false,
        "username": "jimbo",
        "first_name": "",
        "last_name": "",
        "email": "gtg592v@gmail.com",
        "is_staff": false,
        "is_active": true,
        "date_joined": "2016-07-19T02:40:56.538Z",
        "groups": [],
        "user_permissions": []
    }
},
{
    "model": "reviews.review",
    "pk": 1,
    "fields": {
        "user": 3,
        "employee": 1,
        "length_working": 3,
        "ques1": 5,
        "ques2": 4,
        "ques3": 1,
        "timestamp": "2016-06-26T05:07:03.933Z",
        "work_again": "N",
        "content": "donald was a strange dude"
    }
},
{
    "model": "reviews.review",
    "pk": 2,
    "fields": {
        "user": 8,
        "employee": 1,
        "length_working": 3,
        "ques1": 3,
        "ques2": 2,
        "ques3": 2,
        "timestamp": "2016-06-26T05:12:31.580Z",
        "work_again": "N",
        "content": "boy was it tough!!"
    }
},
{
    "model": "reviews.review",
    "pk": 3,
    "fields": {
        "user": 6,
        "employee": 4,
        "length_working": 6,
        "ques1": 5,
        "ques2": 4,
        "ques3": 4,
        "timestamp": "2016-06-26T05:13:02.501Z",
        "work_again": "Y",
        "content": "bern is the bernie  man - he will rock you alive"
    }
},
{
    "model": "reviews.review",
    "pk": 4,
    "fields": {
        "user": 1,
        "employee": 7,
        "length_working": 5,
        "ques1": 5,
        "ques2": 5,
        "ques3": 5,
        "timestamp": "2016-06-26T05:17:26.212Z",
        "work_again": "Y",
        "content": "don was really the boss of bosses. I will I could work with him forever"
    }
},
{
    "model": "reviews.review",
    "pk": 5,
    "fields": {
        "user": 5,
        "employee": 1,
        "length_working": 4,
        "ques1": 3,
        "ques2": 2,
        "ques3": 1,
        "timestamp": "2016-07-01T23:27:00.547Z",
        "work_again": "Y",
        "content": "donald was god awful to work with. Spare yourself the challenge and skip working with him"
    }
},
{
    "model": "reviews.review",
    "pk": 6,
    "fields": {
        "user": 7,
        "employee": 1,
        "length_working": 8,
        "ques1": 2,
        "ques2": 1,
        "ques3": 4,
        "timestamp": "2016-07-01T23:27:36.135Z",
        "work_again": "N",
        "content": "donald ... what can i say.. skip his staffing request"
    }
},
{
    "model": "reviews.review",
    "pk": 7,
    "fields": {
        "user": 2,
        "employee": 1,
        "length_working": 2,
        "ques1": 3,
        "ques2": 2,
        "ques3": 2,
        "timestamp": "2016-07-01T23:28:05.524Z",
        "work_again": "N",
        "content": "scooby doo no like donald - he no make america great again"
    }
},
{
    "model": "reviews.review",
    "pk": 8,
    "fields": {
        "user": 9,
        "employee": 8,
        "length_working": 2,
        "ques1": 4,
        "ques2": 4,
        "ques3": 4,
        "timestamp": "2016-07-02T04:00:48.224Z",
        "work_again": "Y",
        "content": "oh god - awesome"
    }
},
{
    "model": "reviews.review",
    "pk": 9,
    "fields": {
        "user": 4,
        "employee": 3,
        "length_working": 2,
        "ques1": 4,
        "ques2": 2,
        "ques3": 4,
        "timestamp": "2016-07-02T04:46:59.014Z",
        "work_again": "Y",
        "content": "Amy way really enjoyable to work with"
    }
},
{
    "model": "reviews.review",
    "pk": 10,
    "fields": {
        "user": 2,
        "employee": 3,
        "length_working": 5,
        "ques1": 2,
        "ques2": 2,
        "ques3": 5,
        "timestamp": "2016-07-02T05:04:58.845Z",
        "work_again": "N",
        "content": "Amy was nice but just wasnt very helpful in the way of moving my career forward. While i enjoyed my days with her, I didnt really every get to learn much from her because she didn't prioritize team development"
    }
},
{
    "model": "reviews.review",
    "pk": 11,
    "fields": {
        "user": 6,
        "employee": 3,
        "length_working": 2,
        "ques1": 1,
        "ques2": 3,
        "ques3": 5,
        "timestamp": "2016-07-02T14:31:53.932Z",
        "work_again": "Y",
        "content": "good choice for sure"
    }
},
{
    "model": "reviews.review",
    "pk": 12,
    "fields": {
        "user": 1,
        "employee": 1,
        "length_working": 3,
        "ques1": 2,
        "ques2": 2,
        "ques3": 2,
        "timestamp": "2016-07-02T18:06:51.725Z",
        "work_again": "N",
        "content": "whadda surprise - me no like donald either"
    }
},
{
    "model": "reviews.review",
    "pk": 13,
    "fields": {
        "user": 3,
        "employee": 3,
        "length_working": 4,
        "ques1": 4,
        "ques2": 4,
        "ques3": 4,
        "timestamp": "2016-07-03T03:25:41.745Z",
        "work_again": "Y",
        "content": "Amy is a pleasure to work with. She takes care of her teams the way they should be taken care of"
    }
},
{
    "model": "reviews.review",
    "pk": 14,
    "fields": {
        "user": 22,
        "employee": 1,
        "length_working": 4,
        "ques1": 3,
        "ques2": 3,
        "ques3": 3,
        "timestamp": "2016-07-19T02:46:54.064Z",
        "work_again": "N",
        "content": "Man, avoid the duck on all counts. This is not someone you want to work with!"
    }
},
{
    "model": "reviews.vote",
    "pk": 8,
    "fields": {
        "review": 1,
        "employee": 1,
        "user": 1,
        "upvotes": true,
        "downvotes": null,
        "v_timestamp": "2016-07-02T17:16:29.111Z"
    }
},
{
    "model": "reviews.vote",
    "pk": 9,
    "fields": {
        "review": 2,
        "employee": 1,
        "user": 1,
        "upvotes": true,
        "downvotes": null,
        "v_timestamp": "2016-07-02T17:16:31.917Z"
    }
},
{
    "model": "reviews.vote",
    "pk": 10,
    "fields": {
        "review": 1,
        "employee": 1,
        "user": 8,
        "upvotes": true,
        "downvotes": null,
        "v_timestamp": "2016-07-02T17:17:01.605Z"
    }
},
{
    "model": "reviews.vote",
    "pk": 11,
    "fields": {
        "review": 1,
        "employee": 1,
        "user": 6,
        "upvotes": true,
        "downvotes": null,
        "v_timestamp": "2016-07-02T17:17:14.353Z"
    }
},
{
    "model": "reviews.vote",
    "pk": 12,
    "fields": {
        "review": 1,
        "employee": 1,
        "user": 3,
        "upvotes": true,
        "downvotes": null,
        "v_timestamp": "2016-07-02T17:17:27.970Z"
    }
},
{
    "model": "reviews.vote",
    "pk": 13,
    "fields": {
        "review": 7,
        "employee": 1,
        "user": 1,
        "upvotes": true,
        "downvotes": null,
        "v_timestamp": "2016-07-02T17:17:33.169Z"
    }
},
{
    "model": "reviews.vote",
    "pk": 14,
    "fields": {
        "review": 7,
        "employee": 1,
        "user": 9,
        "upvotes": true,
        "downvotes": null,
        "v_timestamp": "2016-07-02T17:17:55.719Z"
    }
},
{
    "model": "reviews.vote",
    "pk": 15,
    "fields": {
        "review": 9,
        "employee": 3,
        "user": 1,
        "upvotes": true,
        "downvotes": null,
        "v_timestamp": "2016-07-02T17:18:09.541Z"
    }
},
{
    "model": "reviews.vote",
    "pk": 16,
    "fields": {
        "review": 9,
        "employee": 3,
        "user": 6,
        "upvotes": true,
        "downvotes": null,
        "v_timestamp": "2016-07-02T17:18:37.328Z"
    }
},
{
    "model": "reviews.vote",
    "pk": 17,
    "fields": {
        "review": 10,
        "employee": 3,
        "user": 7,
        "upvotes": true,
        "downvotes": null,
        "v_timestamp": "2016-07-02T17:18:53.514Z"
    }
},
{
    "model": "reviews.vote",
    "pk": 18,
    "fields": {
        "review": 8,
        "employee": 8,
        "user": 9,
        "upvotes": true,
        "downvotes": null,
        "v_timestamp": "2016-07-02T17:22:14.675Z"
    }
},
{
    "model": "reviews.vote",
    "pk": 19,
    "fields": {
        "review": 3,
        "employee": 4,
        "user": 6,
        "upvotes": true,
        "downvotes": null,
        "v_timestamp": "2016-07-02T17:22:44.845Z"
    }
},
{
    "model": "reviews.vote",
    "pk": 20,
    "fields": {
        "review": 10,
        "employee": 3,
        "user": 5,
        "upvotes": true,
        "downvotes": null,
        "v_timestamp": "2016-07-02T19:14:54.501Z"
    }
},
{
    "model": "reviews.vote",
    "pk": 21,
    "fields": {
        "review": 12,
        "employee": 1,
        "user": 6,
        "upvotes": true,
        "downvotes": null,
        "v_timestamp": "2016-07-02T19:15:17.938Z"
    }
},
{
    "model": "reviews.vote",
    "pk": 22,
    "fields": {
        "review": 10,
        "employee": 3,
        "user": 3,
        "upvotes": true,
        "downvotes": null,
        "v_timestamp": "2016-07-02T21:55:23.075Z"
    }
},
{
    "model": "reviews.vote",
    "pk": 23,
    "fields": {
        "review": 13,
        "employee": 3,
        "user": 3,
        "upvotes": true,
        "downvotes": null,
        "v_timestamp": "2016-07-03T03:26:54.032Z"
    }
},
{
    "model": "reviews.vote",
    "pk": 24,
    "fields": {
        "review": 5,
        "employee": 1,
        "user": 1,
        "upvotes": true,
        "downvotes": null,
        "v_timestamp": "2016-07-10T21:29:37.491Z"
    }
},
{
    "model": "reviews.vote",
    "pk": 25,
    "fields": {
        "review": 4,
        "employee": 7,
        "user": 1,
        "upvotes": true,
        "downvotes": null,
        "v_timestamp": "2016-07-14T04:03:29.730Z"
    }
},
{
    "model": "reviews.vote",
    "pk": 27,
    "fields": {
        "review": 1,
        "employee": 1,
        "user": 22,
        "upvotes": true,
        "downvotes": null,
        "v_timestamp": "2016-07-19T02:54:30.558Z"
    }
},
{
    "model": "reviews.vote",
    "pk": 28,
    "fields": {
        "review": 10,
        "employee": 3,
        "user": 22,
        "upvotes": true,
        "downvotes": null,
        "v_timestamp": "2016-07-19T02:56:01.866Z"
    }
},
{
    "model": "reviews.userstatus",
    "pk": 1,
    "fields": {
        "user": 1,
        "is_contributor": true,
        "updated": "2016-06-26T05:05:44.693Z"
    }
},
{
    "model": "reviews.userstatus",
    "pk": 2,
    "fields": {
        "user": 2,
        "is_contributor": true,
        "updated": "2016-06-26T05:10:36.164Z"
    }
},
{
    "model": "reviews.userstatus",
    "pk": 3,
    "fields": {
        "user": 3,
        "is_contributor": true,
        "updated": "2016-06-26T05:10:41.917Z"
    }
},
{
    "model": "reviews.userstatus",
    "pk": 4,
    "fields": {
        "user": 4,
        "is_contributor": true,
        "updated": "2016-06-26T05:10:46.254Z"
    }
},
{
    "model": "reviews.userstatus",
    "pk": 5,
    "fields": {
        "user": 5,
        "is_contributor": true,
        "updated": "2016-06-26T05:10:57.042Z"
    }
},
{
    "model": "reviews.userstatus",
    "pk": 6,
    "fields": {
        "user": 6,
        "is_contributor": true,
        "updated": "2016-06-26T05:10:50.214Z"
    }
},
{
    "model": "reviews.userstatus",
    "pk": 7,
    "fields": {
        "user": 7,
        "is_contributor": true,
        "updated": "2016-06-26T05:11:01.887Z"
    }
},
{
    "model": "reviews.userstatus",
    "pk": 8,
    "fields": {
        "user": 8,
        "is_contributor": true,
        "updated": "2016-06-26T05:11:05.379Z"
    }
},
{
    "model": "reviews.userstatus",
    "pk": 9,
    "fields": {
        "user": 9,
        "is_contributor": true,
        "updated": "2016-06-26T05:11:10.136Z"
    }
},
{
    "model": "reviews.userstatus",
    "pk": 10,
    "fields": {
        "user": 10,
        "is_contributor": false,
        "updated": "2016-07-03T17:41:41.788Z"
    }
},
{
    "model": "reviews.userstatus",
    "pk": 12,
    "fields": {
        "user": 12,
        "is_contributor": false,
        "updated": "2016-07-11T11:52:57.763Z"
    }
},
{
    "model": "reviews.userstatus",
    "pk": 15,
    "fields": {
        "user": 15,
        "is_contributor": false,
        "updated": "2016-07-12T02:53:26.025Z"
    }
},
{
    "model": "reviews.userstatus",
    "pk": 21,
    "fields": {
        "user": 21,
        "is_contributor": false,
        "updated": "2016-07-12T03:05:31.577Z"
    }
},
{
    "model": "reviews.userstatus",
    "pk": 22,
    "fields": {
        "user": 22,
        "is_contributor": true,
        "updated": "2016-07-19T02:40:56.585Z"
    }
},
{
    "model": "reviews.userlevel",
    "pk": 1,
    "fields": {
        "user": 22,
        "level": "BA",
        "office": "S&O",
        "service_area": "",
        "updated": "2016-07-19T02:40:59.581Z"
    }
},
{
    "model": "registration.registrationprofile",
    "pk": 1,
    "fields": {
        "user": 10,
        "activation_key": "42768dabc778a348a151a83c8371b3a021570b9d",
        "activated": true
    }
},
{
    "model": "registration.registrationprofile",
    "pk": 3,
    "fields": {
        "user": 12,
        "activation_key": "736162bc8beffa5bc4327ce31f48683a3d08e855",
        "activated": false
    }
},
{
    "model": "registration.registrationprofile",
    "pk": 6,
    "fields": {
        "user": 15,
        "activation_key": "3ceba2de68b6b929f8baddb5e94ad9c53c66d1b9",
        "activated": false
    }
},
{
    "model": "registration.registrationprofile",
    "pk": 12,
    "fields": {
        "user": 21,
        "activation_key": "fcc0761d74d1aad2db9d52d75ad908b64ea00e59",
        "activated": false
    }
},
{
    "model": "registration.registrationprofile",
    "pk": 13,
    "fields": {
        "user": 22,
        "activation_key": "9377a5bb0a4da9d5a97a8be1017a8b9aa15388a5",
        "activated": true
    }
},
{
    "model": "admin.logentry",
    "pk": 1,
    "fields": {
        "action_time": "2016-06-26T05:02:56.070Z",
        "user": 1,
        "content_type": 10,
        "object_id": "1",
        "object_repr": "duck, donald",
        "action_flag": 1,
        "change_message": "Added."
    }
},
{
    "model": "admin.logentry",
    "pk": 2,
    "fields": {
        "action_time": "2016-06-26T05:03:13.455Z",
        "user": 1,
        "content_type": 10,
        "object_id": "2",
        "object_repr": "duck, daffy",
        "action_flag": 1,
        "change_message": "Added."
    }
},
{
    "model": "admin.logentry",
    "pk": 3,
    "fields": {
        "action_time": "2016-06-26T05:04:03.674Z",
        "user": 1,
        "content_type": 10,
        "object_id": "3",
        "object_repr": "fiern, amy",
        "action_flag": 1,
        "change_message": "Added."
    }
},
{
    "model": "admin.logentry",
    "pk": 4,
    "fields": {
        "action_time": "2016-06-26T05:04:21.306Z",
        "user": 1,
        "content_type": 10,
        "object_id": "4",
        "object_repr": "sanders, bernie",
        "action_flag": 1,
        "change_message": "Added."
    }
},
{
    "model": "admin.logentry",
    "pk": 5,
    "fields": {
        "action_time": "2016-06-26T05:04:37.400Z",
        "user": 1,
        "content_type": 10,
        "object_id": "5",
        "object_repr": "houston, john",
        "action_flag": 1,
        "change_message": "Added."
    }
},
{
    "model": "admin.logentry",
    "pk": 6,
    "fields": {
        "action_time": "2016-06-26T05:05:00.966Z",
        "user": 1,
        "content_type": 10,
        "object_id": "6",
        "object_repr": "clapper, jake",
        "action_flag": 1,
        "change_message": "Added."
    }
},
{
    "model": "admin.logentry",
    "pk": 7,
    "fields": {
        "action_time": "2016-06-26T05:05:20.335Z",
        "user": 1,
        "content_type": 10,
        "object_id": "6",
        "object_repr": "clapper, jake",
        "action_flag": 2,
        "change_message": "Changed office."
    }
},
{
    "model": "admin.logentry",
    "pk": 8,
    "fields": {
        "action_time": "2016-06-26T05:05:44.694Z",
        "user": 1,
        "content_type": 12,
        "object_id": "1",
        "object_repr": "UserStatus object",
        "action_flag": 2,
        "change_message": "Changed is_contributor."
    }
},
{
    "model": "admin.logentry",
    "pk": 9,
    "fields": {
        "action_time": "2016-06-26T05:07:03.935Z",
        "user": 1,
        "content_type": 9,
        "object_id": "1",
        "object_repr": "donald was a strange dude",
        "action_flag": 1,
        "change_message": "Added."
    }
},
{
    "model": "admin.logentry",
    "pk": 10,
    "fields": {
        "action_time": "2016-06-26T05:08:21.487Z",
        "user": 1,
        "content_type": 5,
        "object_id": "2",
        "object_repr": "scooby",
        "action_flag": 1,
        "change_message": "Added."
    }
},
{
    "model": "admin.logentry",
    "pk": 11,
    "fields": {
        "action_time": "2016-06-26T05:08:30.802Z",
        "user": 1,
        "content_type": 5,
        "object_id": "2",
        "object_repr": "scooby",
        "action_flag": 2,
        "change_message": "No fields changed."
    }
},
{
    "model": "admin.logentry",
    "pk": 12,
    "fields": {
        "action_time": "2016-06-26T05:08:40.052Z",
        "user": 1,
        "content_type": 5,
        "object_id": "3",
        "object_repr": "shaggy",
        "action_flag": 1,
        "change_message": "Added."
    }
},
{
    "model": "admin.logentry",
    "pk": 13,
    "fields": {
        "action_time": "2016-06-26T05:08:50.903Z",
        "user": 1,
        "content_type": 5,
        "object_id": "4",
        "object_repr": "markman",
        "action_flag": 1,
        "change_message": "Added."
    }
},
{
    "model": "admin.logentry",
    "pk": 14,
    "fields": {
        "action_time": "2016-06-26T05:09:00.311Z",
        "user": 1,
        "content_type": 5,
        "object_id": "5",
        "object_repr": "thedevil",
        "action_flag": 1,
        "change_message": "Added."
    }
},
{
    "model": "admin.logentry",
    "pk": 15,
    "fields": {
        "action_time": "2016-06-26T05:09:07.831Z",
        "user": 1,
        "content_type": 5,
        "object_id": "6",
        "object_repr": "manytimes",
        "action_flag": 1,
        "change_message": "Added."
    }
},
{
    "model": "admin.logentry",
    "pk": 16,
    "fields": {
        "action_time": "2016-06-26T05:09:21.452Z",
        "user": 1,
        "content_type": 5,
        "object_id": "7",
        "object_repr": "methodman",
        "action_flag": 1,
        "change_message": "Added."
    }
},
{
    "model": "admin.logentry",
    "pk": 17,
    "fields": {
        "action_time": "2016-06-26T05:09:31.208Z",
        "user": 1,
        "content_type": 5,
        "object_id": "8",
        "object_repr": "foreverconsultant",
        "action_flag": 1,
        "change_message": "Added."
    }
},
{
    "model": "admin.logentry",
    "pk": 18,
    "fields": {
        "action_time": "2016-06-26T05:09:41.733Z",
        "user": 1,
        "content_type": 5,
        "object_id": "9",
        "object_repr": "nightrider",
        "action_flag": 1,
        "change_message": "Added."
    }
},
{
    "model": "admin.logentry",
    "pk": 19,
    "fields": {
        "action_time": "2016-06-26T05:10:36.166Z",
        "user": 1,
        "content_type": 12,
        "object_id": "2",
        "object_repr": "UserStatus object",
        "action_flag": 2,
        "change_message": "Changed is_contributor."
    }
},
{
    "model": "admin.logentry",
    "pk": 20,
    "fields": {
        "action_time": "2016-06-26T05:10:41.919Z",
        "user": 1,
        "content_type": 12,
        "object_id": "3",
        "object_repr": "UserStatus object",
        "action_flag": 2,
        "change_message": "Changed is_contributor."
    }
},
{
    "model": "admin.logentry",
    "pk": 21,
    "fields": {
        "action_time": "2016-06-26T05:10:46.255Z",
        "user": 1,
        "content_type": 12,
        "object_id": "4",
        "object_repr": "UserStatus object",
        "action_flag": 2,
        "change_message": "Changed is_contributor."
    }
},
{
    "model": "admin.logentry",
    "pk": 22,
    "fields": {
        "action_time": "2016-06-26T05:10:50.215Z",
        "user": 1,
        "content_type": 12,
        "object_id": "6",
        "object_repr": "UserStatus object",
        "action_flag": 2,
        "change_message": "Changed is_contributor."
    }
},
{
    "model": "admin.logentry",
    "pk": 23,
    "fields": {
        "action_time": "2016-06-26T05:10:57.043Z",
        "user": 1,
        "content_type": 12,
        "object_id": "5",
        "object_repr": "UserStatus object",
        "action_flag": 2,
        "change_message": "Changed is_contributor."
    }
},
{
    "model": "admin.logentry",
    "pk": 24,
    "fields": {
        "action_time": "2016-06-26T05:11:01.888Z",
        "user": 1,
        "content_type": 12,
        "object_id": "7",
        "object_repr": "UserStatus object",
        "action_flag": 2,
        "change_message": "Changed is_contributor."
    }
},
{
    "model": "admin.logentry",
    "pk": 25,
    "fields": {
        "action_time": "2016-06-26T05:11:05.382Z",
        "user": 1,
        "content_type": 12,
        "object_id": "8",
        "object_repr": "UserStatus object",
        "action_flag": 2,
        "change_message": "Changed is_contributor."
    }
},
{
    "model": "admin.logentry",
    "pk": 26,
    "fields": {
        "action_time": "2016-06-26T05:11:10.138Z",
        "user": 1,
        "content_type": 12,
        "object_id": "9",
        "object_repr": "UserStatus object",
        "action_flag": 2,
        "change_message": "Changed is_contributor."
    }
},
{
    "model": "admin.logentry",
    "pk": 27,
    "fields": {
        "action_time": "2016-06-26T05:11:35.381Z",
        "user": 1,
        "content_type": 10,
        "object_id": "7",
        "object_repr": "bradman, don",
        "action_flag": 1,
        "change_message": "Added."
    }
},
{
    "model": "admin.logentry",
    "pk": 28,
    "fields": {
        "action_time": "2016-06-26T05:11:47.977Z",
        "user": 1,
        "content_type": 10,
        "object_id": "8",
        "object_repr": "renjen, puneet",
        "action_flag": 1,
        "change_message": "Added."
    }
},
{
    "model": "admin.logentry",
    "pk": 29,
    "fields": {
        "action_time": "2016-06-26T05:11:55.264Z",
        "user": 1,
        "content_type": 10,
        "object_id": "8",
        "object_repr": "renjen, puneet",
        "action_flag": 2,
        "change_message": "Changed office."
    }
},
{
    "model": "admin.logentry",
    "pk": 30,
    "fields": {
        "action_time": "2016-06-26T05:12:31.582Z",
        "user": 1,
        "content_type": 9,
        "object_id": "2",
        "object_repr": "boy was it tough!!",
        "action_flag": 1,
        "change_message": "Added."
    }
},
{
    "model": "admin.logentry",
    "pk": 31,
    "fields": {
        "action_time": "2016-06-26T05:13:02.503Z",
        "user": 1,
        "content_type": 9,
        "object_id": "3",
        "object_repr": "bern is the bernie  man - he will rock you alive",
        "action_flag": 1,
        "change_message": "Added."
    }
},
{
    "model": "admin.logentry",
    "pk": 32,
    "fields": {
        "action_time": "2016-07-01T23:27:00.548Z",
        "user": 1,
        "content_type": 9,
        "object_id": "5",
        "object_repr": "donald was god awful to work with. Spare yourself the challenge and skip working with him",
        "action_flag": 1,
        "change_message": "Added."
    }
},
{
    "model": "admin.logentry",
    "pk": 33,
    "fields": {
        "action_time": "2016-07-01T23:27:36.137Z",
        "user": 1,
        "content_type": 9,
        "object_id": "6",
        "object_repr": "donald ... what can i say.. skip his staffing request",
        "action_flag": 1,
        "change_message": "Added."
    }
},
{
    "model": "admin.logentry",
    "pk": 34,
    "fields": {
        "action_time": "2016-07-01T23:28:05.525Z",
        "user": 1,
        "content_type": 9,
        "object_id": "7",
        "object_repr": "scooby doo no like donald - he no make america great again",
        "action_flag": 1,
        "change_message": "Added."
    }
},
{
    "model": "admin.logentry",
    "pk": 35,
    "fields": {
        "action_time": "2016-07-02T01:49:27.180Z",
        "user": 1,
        "content_type": 11,
        "object_id": "4",
        "object_repr": "Vote object",
        "action_flag": 1,
        "change_message": "Added."
    }
},
{
    "model": "admin.logentry",
    "pk": 36,
    "fields": {
        "action_time": "2016-07-02T03:53:36.295Z",
        "user": 1,
        "content_type": 9,
        "object_id": "5",
        "object_repr": "donald was god awful to work with. Spare yourself the challenge and skip working with him",
        "action_flag": 2,
        "change_message": "Changed work_again."
    }
},
{
    "model": "admin.logentry",
    "pk": 37,
    "fields": {
        "action_time": "2016-07-02T03:54:01.944Z",
        "user": 1,
        "content_type": 9,
        "object_id": "6",
        "object_repr": "donald ... what can i say.. skip his staffing request",
        "action_flag": 2,
        "change_message": "No fields changed."
    }
},
{
    "model": "admin.logentry",
    "pk": 38,
    "fields": {
        "action_time": "2016-07-02T03:56:27.377Z",
        "user": 1,
        "content_type": 9,
        "object_id": "4",
        "object_repr": "don was really the boss of bosses. I will I could work with him forever",
        "action_flag": 2,
        "change_message": "Changed ques2 and ques3."
    }
},
{
    "model": "admin.logentry",
    "pk": 39,
    "fields": {
        "action_time": "2016-07-02T04:00:48.227Z",
        "user": 1,
        "content_type": 9,
        "object_id": "8",
        "object_repr": "oh god - awesome",
        "action_flag": 1,
        "change_message": "Added."
    }
},
{
    "model": "admin.logentry",
    "pk": 40,
    "fields": {
        "action_time": "2016-07-02T04:46:59.016Z",
        "user": 1,
        "content_type": 9,
        "object_id": "9",
        "object_repr": "Amy way really enjoyable to work with",
        "action_flag": 1,
        "change_message": "Added."
    }
},
{
    "model": "admin.logentry",
    "pk": 41,
    "fields": {
        "action_time": "2016-07-02T13:59:05.674Z",
        "user": 1,
        "content_type": 10,
        "object_id": "3",
        "object_repr": "Fiern, Amy",
        "action_flag": 2,
        "change_message": "Changed first_name and last_name."
    }
},
{
    "model": "admin.logentry",
    "pk": 42,
    "fields": {
        "action_time": "2016-07-02T14:31:53.935Z",
        "user": 1,
        "content_type": 9,
        "object_id": "11",
        "object_repr": "good choice for sure",
        "action_flag": 1,
        "change_message": "Added."
    }
},
{
    "model": "admin.logentry",
    "pk": 43,
    "fields": {
        "action_time": "2016-07-02T17:13:17.805Z",
        "user": 1,
        "content_type": 11,
        "object_id": "7",
        "object_repr": "Vote object",
        "action_flag": 3,
        "change_message": ""
    }
},
{
    "model": "admin.logentry",
    "pk": 44,
    "fields": {
        "action_time": "2016-07-02T17:13:20.714Z",
        "user": 1,
        "content_type": 11,
        "object_id": "6",
        "object_repr": "Vote object",
        "action_flag": 3,
        "change_message": ""
    }
},
{
    "model": "admin.logentry",
    "pk": 45,
    "fields": {
        "action_time": "2016-07-02T17:13:24.107Z",
        "user": 1,
        "content_type": 11,
        "object_id": "5",
        "object_repr": "Vote object",
        "action_flag": 3,
        "change_message": ""
    }
},
{
    "model": "admin.logentry",
    "pk": 46,
    "fields": {
        "action_time": "2016-07-02T17:13:27.169Z",
        "user": 1,
        "content_type": 11,
        "object_id": "4",
        "object_repr": "Vote object",
        "action_flag": 3,
        "change_message": ""
    }
},
{
    "model": "admin.logentry",
    "pk": 47,
    "fields": {
        "action_time": "2016-07-02T17:13:30.203Z",
        "user": 1,
        "content_type": 11,
        "object_id": "3",
        "object_repr": "Vote object",
        "action_flag": 3,
        "change_message": ""
    }
},
{
    "model": "admin.logentry",
    "pk": 48,
    "fields": {
        "action_time": "2016-07-02T17:13:32.656Z",
        "user": 1,
        "content_type": 11,
        "object_id": "2",
        "object_repr": "Vote object",
        "action_flag": 3,
        "change_message": ""
    }
},
{
    "model": "admin.logentry",
    "pk": 49,
    "fields": {
        "action_time": "2016-07-02T17:13:36.155Z",
        "user": 1,
        "content_type": 11,
        "object_id": "1",
        "object_repr": "Vote object",
        "action_flag": 3,
        "change_message": ""
    }
},
{
    "model": "admin.logentry",
    "pk": 50,
    "fields": {
        "action_time": "2016-07-02T17:17:01.605Z",
        "user": 1,
        "content_type": 11,
        "object_id": "10",
        "object_repr": "Vote object",
        "action_flag": 1,
        "change_message": "Added."
    }
},
{
    "model": "admin.logentry",
    "pk": 51,
    "fields": {
        "action_time": "2016-07-02T17:17:14.353Z",
        "user": 1,
        "content_type": 11,
        "object_id": "11",
        "object_repr": "Vote object",
        "action_flag": 1,
        "change_message": "Added."
    }
},
{
    "model": "admin.logentry",
    "pk": 52,
    "fields": {
        "action_time": "2016-07-02T17:17:27.971Z",
        "user": 1,
        "content_type": 11,
        "object_id": "12",
        "object_repr": "Vote object",
        "action_flag": 1,
        "change_message": "Added."
    }
},
{
    "model": "admin.logentry",
    "pk": 53,
    "fields": {
        "action_time": "2016-07-02T17:17:55.721Z",
        "user": 1,
        "content_type": 11,
        "object_id": "14",
        "object_repr": "Vote object",
        "action_flag": 1,
        "change_message": "Added."
    }
},
{
    "model": "admin.logentry",
    "pk": 54,
    "fields": {
        "action_time": "2016-07-02T17:18:37.329Z",
        "user": 1,
        "content_type": 11,
        "object_id": "16",
        "object_repr": "Vote object",
        "action_flag": 1,
        "change_message": "Added."
    }
},
{
    "model": "admin.logentry",
    "pk": 55,
    "fields": {
        "action_time": "2016-07-02T17:18:53.514Z",
        "user": 1,
        "content_type": 11,
        "object_id": "17",
        "object_repr": "Vote object",
        "action_flag": 1,
        "change_message": "Added."
    }
},
{
    "model": "admin.logentry",
    "pk": 56,
    "fields": {
        "action_time": "2016-07-02T17:22:14.676Z",
        "user": 1,
        "content_type": 11,
        "object_id": "18",
        "object_repr": "Vote object",
        "action_flag": 1,
        "change_message": "Added."
    }
},
{
    "model": "admin.logentry",
    "pk": 57,
    "fields": {
        "action_time": "2016-07-02T17:22:44.846Z",
        "user": 1,
        "content_type": 11,
        "object_id": "19",
        "object_repr": "Vote object",
        "action_flag": 1,
        "change_message": "Added."
    }
},
{
    "model": "admin.logentry",
    "pk": 58,
    "fields": {
        "action_time": "2016-07-02T18:06:09.015Z",
        "user": 1,
        "content_type": 9,
        "object_id": "1",
        "object_repr": "donald was a strange dude",
        "action_flag": 2,
        "change_message": "Changed user."
    }
},
{
    "model": "admin.logentry",
    "pk": 59,
    "fields": {
        "action_time": "2016-07-02T18:14:00.032Z",
        "user": 1,
        "content_type": 10,
        "object_id": "9",
        "object_repr": "duck, hobby",
        "action_flag": 1,
        "change_message": "Added."
    }
},
{
    "model": "admin.logentry",
    "pk": 60,
    "fields": {
        "action_time": "2016-07-02T19:14:54.502Z",
        "user": 1,
        "content_type": 11,
        "object_id": "20",
        "object_repr": "Vote object",
        "action_flag": 1,
        "change_message": "Added."
    }
},
{
    "model": "admin.logentry",
    "pk": 61,
    "fields": {
        "action_time": "2016-07-02T19:15:17.939Z",
        "user": 1,
        "content_type": 11,
        "object_id": "21",
        "object_repr": "Vote object",
        "action_flag": 1,
        "change_message": "Added."
    }
},
{
    "model": "admin.logentry",
    "pk": 62,
    "fields": {
        "action_time": "2016-07-02T21:53:52.523Z",
        "user": 1,
        "content_type": 9,
        "object_id": "10",
        "object_repr": "Amy was nice but just wasnt very helpful in the way of moving my career forward. While i enjoyed my days with her, I didnt really every get to learn much from her because much like most other folks at",
        "action_flag": 2,
        "change_message": "Changed user."
    }
},
{
    "model": "admin.logentry",
    "pk": 63,
    "fields": {
        "action_time": "2016-07-02T21:54:56.068Z",
        "user": 1,
        "content_type": 9,
        "object_id": "10",
        "object_repr": "Amy was nice but just wasnt very helpful in the way of moving my career forward. While i enjoyed my days with her, I didnt really every get to learn much from her because she didn't prioritize team de",
        "action_flag": 2,
        "change_message": "Changed content."
    }
},
{
    "model": "admin.logentry",
    "pk": 64,
    "fields": {
        "action_time": "2016-07-02T21:55:23.075Z",
        "user": 1,
        "content_type": 11,
        "object_id": "22",
        "object_repr": "Vote object",
        "action_flag": 1,
        "change_message": "Added."
    }
},
{
    "model": "admin.logentry",
    "pk": 65,
    "fields": {
        "action_time": "2016-07-02T21:59:43.603Z",
        "user": 1,
        "content_type": 10,
        "object_id": "3",
        "object_repr": "Chapman, Amy",
        "action_flag": 2,
        "change_message": "Changed last_name."
    }
},
{
    "model": "admin.logentry",
    "pk": 66,
    "fields": {
        "action_time": "2016-07-02T22:00:20.525Z",
        "user": 1,
        "content_type": 9,
        "object_id": "10",
        "object_repr": "Amy was nice but just wasnt very helpful in the way of moving my career forward. While i enjoyed my days with her, I didnt really every get to learn much from her because she didn't prioritize team de",
        "action_flag": 2,
        "change_message": "Changed ques1 and ques3."
    }
},
{
    "model": "admin.logentry",
    "pk": 67,
    "fields": {
        "action_time": "2016-07-02T22:00:33.718Z",
        "user": 1,
        "content_type": 9,
        "object_id": "9",
        "object_repr": "Amy way really enjoyable to work with",
        "action_flag": 2,
        "change_message": "Changed ques1 and ques3."
    }
},
{
    "model": "admin.logentry",
    "pk": 68,
    "fields": {
        "action_time": "2016-07-02T22:01:43.866Z",
        "user": 1,
        "content_type": 10,
        "object_id": "3",
        "object_repr": "Chapman, Amy",
        "action_flag": 2,
        "change_message": "Changed level and office."
    }
},
{
    "model": "admin.logentry",
    "pk": 69,
    "fields": {
        "action_time": "2016-07-03T17:42:16.775Z",
        "user": 1,
        "content_type": 2,
        "object_id": "1",
        "object_repr": "Registration information for johnnyb",
        "action_flag": 2,
        "change_message": "Changed activated."
    }
},
{
    "model": "admin.logentry",
    "pk": 70,
    "fields": {
        "action_time": "2016-07-03T17:42:32.606Z",
        "user": 1,
        "content_type": 5,
        "object_id": "10",
        "object_repr": "johnnyb",
        "action_flag": 2,
        "change_message": "Changed is_active."
    }
},
{
    "model": "admin.logentry",
    "pk": 71,
    "fields": {
        "action_time": "2016-07-09T14:51:32.735Z",
        "user": 1,
        "content_type": 8,
        "object_id": "1",
        "object_repr": "greendotpeers.com",
        "action_flag": 2,
        "change_message": "Changed domain and name."
    }
},
{
    "model": "admin.logentry",
    "pk": 72,
    "fields": {
        "action_time": "2016-07-12T01:45:41.754Z",
        "user": 1,
        "content_type": 5,
        "object_id": "11",
        "object_repr": "dejected",
        "action_flag": 3,
        "change_message": ""
    }
},
{
    "model": "admin.logentry",
    "pk": 73,
    "fields": {
        "action_time": "2016-07-12T01:45:48.638Z",
        "user": 1,
        "content_type": 5,
        "object_id": "13",
        "object_repr": "depp",
        "action_flag": 3,
        "change_message": ""
    }
},
{
    "model": "admin.logentry",
    "pk": 74,
    "fields": {
        "action_time": "2016-07-12T01:45:54.693Z",
        "user": 1,
        "content_type": 5,
        "object_id": "14",
        "object_repr": "deppy",
        "action_flag": 3,
        "change_message": ""
    }
},
{
    "model": "admin.logentry",
    "pk": 75,
    "fields": {
        "action_time": "2016-07-12T02:54:41.706Z",
        "user": 1,
        "content_type": 5,
        "object_id": "16",
        "object_repr": "donny",
        "action_flag": 3,
        "change_message": ""
    }
},
{
    "model": "admin.logentry",
    "pk": 76,
    "fields": {
        "action_time": "2016-07-12T02:58:47.841Z",
        "user": 1,
        "content_type": 5,
        "object_id": "18",
        "object_repr": "dildo",
        "action_flag": 3,
        "change_message": ""
    }
},
{
    "model": "admin.logentry",
    "pk": 77,
    "fields": {
        "action_time": "2016-07-12T02:58:52.856Z",
        "user": 1,
        "content_type": 5,
        "object_id": "17",
        "object_repr": "dory",
        "action_flag": 3,
        "change_message": ""
    }
},
{
    "model": "admin.logentry",
    "pk": 78,
    "fields": {
        "action_time": "2016-07-12T03:01:23.753Z",
        "user": 1,
        "content_type": 5,
        "object_id": "19",
        "object_repr": "dildi",
        "action_flag": 3,
        "change_message": ""
    }
},
{
    "model": "admin.logentry",
    "pk": 79,
    "fields": {
        "action_time": "2016-07-12T03:02:27.574Z",
        "user": 1,
        "content_type": 5,
        "object_id": "20",
        "object_repr": "dodo",
        "action_flag": 3,
        "change_message": ""
    }
},
{
    "model": "admin.logentry",
    "pk": 80,
    "fields": {
        "action_time": "2016-07-14T22:40:27.826Z",
        "user": 1,
        "content_type": 9,
        "object_id": "15",
        "object_repr": "Working with Amy was Brutal but I learned a ton from working with her - truly an exceptional talent to work with and learn from Working with Amy was Brutal but I learned a ton from working with her - ",
        "action_flag": 3,
        "change_message": ""
    }
},
{
    "model": "admin.logentry",
    "pk": 81,
    "fields": {
        "action_time": "2016-07-19T02:33:29.399Z",
        "user": 1,
        "content_type": 13,
        "object_id": "4",
        "object_repr": "UserLevel object",
        "action_flag": 3,
        "change_message": ""
    }
}
]
